,id,name,description,owner,shout,memberCount,isBuildersClubOnly,publicEntryAllowed,isLocked
0,5215747,Best Games of Robloxia,test,"{'buildersClubMembershipType': 'None', 'userId': 1269585969, 'username': 'purplehindi', 'displayName': 'purplehindi'}","{'body': '', 'poster': {'buildersClubMembershipType': 'None', 'userId': 1269604652, 'username': 'ROBLOXPR0FIT', 'displayName': 'ROBLOXPR0FIT'}, 'created': '2019-11-22T16:00:17.737Z', 'updated': '2019-11-22T16:00:46.69Z'}",369,False,False,
1,4074505,ANTIFASCHISTISCHE AKTION - Robloxians Against Raci,"ANTIFASCHISTISCHE AKTION - Robloxians Against Racism, Sexism, Fascism, Homophobia, Etc. ","{'buildersClubMembershipType': 'None', 'userId': 176693351, 'username': 'ServixPVP', 'displayName': 'ServixPVP'}","{'body': 'Buy our uniform from the group store.', 'poster': {'buildersClubMembershipType': 'None', 'userId': 40839, 'username': 'valor187', 'displayName': 'valor187'}, 'created': '2018-09-28T13:53:54.897Z', 'updated': '2018-09-29T09:22:18.98Z'}",1,False,False,
2,2729482,[ - The First Order - ],"The only and ultimate authority to the Galaxy. 

/Xbazs47
â–¬â–¬â–¬â–¬â–¬â–¬â–¬â–¬â–¬â–¬â–¬â–¬â–¬â–¬â–¬â–¬â–¬â–¬â–¬â–¬â–¬â–¬â–¬â–¬ 
The First Order, also simply known as the Order, was a military and political organization that was active approximately thirty years after the Battle of Endor. 
â–¬â–¬â–¬â–¬â–¬â–¬â–¬â–¬â–¬â–¬â–¬â–¬â–¬â–¬â–¬â–¬â–¬â–¬â–¬â–¬â–¬â–¬â–¬â–¬ 
Policies and guidelines: 
All posted policies and guidelines can be found in the #posted-policies channel on the Holocomm Network.
â–¬â–¬â–¬â–¬â–¬â–¬â–¬â–¬â–¬â–¬â–¬â–¬â–¬â–¬â–¬â–¬â–¬â–¬â–¬â–¬â–¬â–¬â–¬â–¬ 
Uniforms: In Group Store","{'buildersClubMembershipType': 'None', 'userId': 141595448, 'username': 'KyleWolffe', 'displayName': 'KyleWolffe'}",,8832,False,True,
3,4968985,The Intertraponal Brigades,real official patriot imperium special forces,"{'buildersClubMembershipType': 'None', 'userId': 1034280269, 'username': 'TenHeartsOneBeat', 'displayName': 'TenHeartsOneBeat'}","{'body': 'Official PI special forces', 'poster': {'buildersClubMembershipType': 'None', 'userId': 1034280269, 'username': 'TenHeartsOneBeat', 'displayName': 'TenHeartsOneBeat'}, 'created': '2019-11-24T04:12:42.48Z', 'updated': '2019-11-24T04:12:42.48Z'}",8,False,True,
4,8508450,Dressman,"Dressman on miesten muotivaateketju joka kattaa kaikenikÃ¤isten, laatu- ja hintatietoisten miesten kaikki vaatetustarpeet. Dressman tarjoaa tÃ¤ydellisen valikoiman hyvÃ¤laatuisia perus- ja vapaa-ajan vaatteista juhlapukuihin, markkinoiden parhain hinnoin.","{'buildersClubMembershipType': 'None', 'userId': 700838684, 'username': 'Troginator', 'displayName': 'Troginator'}","{'body': 'Hi! This group is so nice!', 'poster': {'buildersClubMembershipType': 'None', 'userId': 1644517319, 'username': 'NyxAirEstonia', 'displayName': 'NyxAirEstonia'}, 'created': '2021-01-27T17:28:42.707Z', 'updated': '2021-01-27T17:29:28.373Z'}",32,False,False,
5,5699113,Quagistan,"We are a group of gamers and our ideals match the ideals of the GLR

Pro-Nationalist
Pro-Meat
Pro-Militarism
Pro-Gaming
Pro-Gym

Anti-Communist
Anti-Socialist
Anti-Vegan
Anti-Simp
Anti-Feminist","{'buildersClubMembershipType': 'None', 'userId': 1600148519, 'username': 'notoriete', 'displayName': 'notoriete'}","{'body': 'meat+protein=muscles', 'poster': {'buildersClubMembershipType': 'None', 'userId': 1216957387, 'username': 'breadinator333', 'displayName': 'breadinator333'}, 'created': '2020-02-29T21:44:53.387Z', 'updated': '2020-04-26T21:02:23.037Z'}",5,False,True,
6,3339831,All Socialism,/_: Declaring war on this group is allowed for All Attack on Socialist Groups:_\ ,,,0,False,False,
7,8167481,The National Agrarian Labor Party,"ğğšğ­ğ¢ğ¨ğ§ğšğ¥ ğ€ğ ğ«ğšğ«ğ¢ğšğ§ ğ‹ğšğ›ğ¨ğ« ğğšğ«ğ­ğ²

ğƒğğ¬ğœğ«ğ¢ğ©ğ­ğ¢ğ¨ğ§: The National Agrarian Labor Party of Elbe was established by veterans of the many great wars spanning Europe, and by extent, the rest of Eurasia and the globe. People from all walks of life, the Elbetian working class, the elderly and disabled, deserters of the defunct officer corps of the Mongolian SSR, Chechen immigrants brought westward via nuclear disasters, and many more represent the core of the party and what it stands for. Rooted in the prosperous agricultural tradition, the party seeks to eradicate all industrial machinery and practices in order to place all Elbetians under a society where all citizens may have fulfillment and a simple life under true Agrarian labor.","{'buildersClubMembershipType': 'None', 'userId': 532517658, 'username': 'Gargologg', 'displayName': 'Gargologg'}","{'body': 'Lailahe Ä°llallah', 'poster': {'buildersClubMembershipType': 'None', 'userId': 64140578, 'username': 'b_ubb333', 'displayName': 'b_ubb333'}, 'created': '2020-10-26T07:44:50.197Z', 'updated': '2020-10-26T07:44:50.197Z'}",27,False,True,
8,9338941,United Kingdom of Pacifica,"After the 1963 military and economic pact between Deseret and Cascadia, the two powers drifted closer and closer together, till inevitably the ruling family of Cascadia and the leadership of the Latterday Saints agreed to form a United Kingdom for the Pacific Coast. In 1964 Griffin the First was Coronated as King of Pacifica. The UKP joined the Greater Columbian Union seeking to legitimize the ambitions of the people of the West Coast after stalemates with the North and South for expansion.","{'buildersClubMembershipType': 'None', 'userId': 321413618, 'username': 'Iron_Clone', 'displayName': 'Iron_Clone'}","{'body': 'Everyone please join the Dizzy', 'poster': {'buildersClubMembershipType': 'None', 'userId': 321413618, 'username': 'Iron_Clone', 'displayName': 'Iron_Clone'}, 'created': '2021-03-12T17:03:49.623Z', 'updated': '2021-03-12T17:04:00.3Z'}",16,False,False,
9,8309841,Anti Roblox ((Squadrist Action)) [ARSAA],"Welcome to the Anti Roblox Squadrist Group.
Our group was made to purge the fake fascism from the community, known as ""Roblox Squadrist Action (R.S.A)"" alias ""Patriotic Legion (P.L) 
Feel free to join us to fight the tyrants of R.S.A


Resistance as long as R.S.A exists!","{'buildersClubMembershipType': 'None', 'userId': 858132652, 'username': 'SCP1471_lsCool', 'displayName': 'SCP1471_lsCool'}","{'body': 'nhbyu', 'poster': {'buildersClubMembershipType': 'None', 'userId': 858132652, 'username': 'SCP1471_lsCool', 'displayName': 'SCP1471_lsCool'}, 'created': '2020-11-12T02:07:04.767Z', 'updated': '2021-01-31T22:29:59.657Z'}",7,False,False,
10,5651547,RAT NATlON,"Rat Nation is a raiding group mostly dedicated to taking down border games, war groups, German-esque groups, and fascist groups. And we're all rats. Fear the mischief.

We will fund new members for the Rat Nose that everyone in the group must wear.","{'buildersClubMembershipType': 'None', 'userId': 200601074, 'username': 'BasedGodIdab', 'displayName': 'IDAB'}","{'body': 'ded', 'poster': {'buildersClubMembershipType': 'None', 'userId': 200601074, 'username': 'BasedGodIdab', 'displayName': 'IDAB'}, 'created': '2020-02-17T23:36:33.7Z', 'updated': '2020-12-11T16:35:32.517Z'}",26,False,True,
11,5248606,Idio Clothing :p,"ğŸ”¥Â« Idio Clothing Â»ğŸ”¥

â–¬â–¬â–¬â–¬â–¬â–¬â–¬â–¬â–¬â–¬â—ˆâ—ˆâ—ˆâ–¬â–¬â–¬â–¬â–¬â–¬â–¬â–¬â–¬â–¬

We make the best clothing âš¡âš¡
>> New uploads daily <<

ğŸ’¥ Go check out our designs in the group store! ğŸ’¥

ğŸ¤‘ Buy a few clothes or donate to get SupporterğŸ¤‘
ğŸ”¥ Get VIP by purchasing the VIP t-shirt! ğŸ”¥
(Post on the group wall to get ranks!)

ğŸ’° Donation: https://www.roblox.com/catalog/4256627134/Donation
ğŸ‘‘ VIP: https://www.roblox.com/catalog/4256627824/VIP

â–¬â–¬â–¬â–¬â–¬â–¬â–¬â–¬â–¬â–¬â—ˆâ—ˆâ—ˆâ–¬â–¬â–¬â–¬â–¬â–¬â–¬â–¬â–¬â–¬
Make sure to follow roblox rules and don't spam/scam on the group wall ğŸ’¯","{'buildersClubMembershipType': 'None', 'userId': 875499746, 'username': 'idiooooooo', 'displayName': 'idiooooooo'}","{'body': 'ğŸ‘‘Just uploaded a bunch of new shirts! Go check them out!! â¬†ï¸â¬†ï¸', 'poster': {'buildersClubMembershipType': 'None', 'userId': 875499746, 'username': 'idiooooooo', 'displayName': 'idiooooooo'}, 'created': '2019-11-04T00:02:05.02Z', 'updated': '2020-04-01T19:11:57.563Z'}",11725,False,True,
12,5033567,National Socialist Movement [USA],"NatSoc [USA]
 - ------------------------------------- 
Party's Anthem - https://www.roblox.com/library/1558137079/Horst-wessel-lied-Piano
 ------------------------------------ 
""Putting Family, Race and Nation First while Fighting to Secure American Jobs, Manufacturing & Innovation"" ""America's Premier White Civil Rights Organization - Fighting for White Civil Rights""","{'buildersClubMembershipType': 'None', 'userId': 1527114065, 'username': 'COMMANDERBURTCOLUCCI', 'displayName': 'COMMANDERBURTCOLUCCI'}","{'body': 'JOIN GROUP TO GO TO WHITE POWDER BBQ ON APRIL 17 - 18 2020', 'poster': {'buildersClubMembershipType': 'None', 'userId': 1527114065, 'username': 'COMMANDERBURTCOLUCCI', 'displayName': 'COMMANDERBURTCOLUCCI'}, 'created': '2020-03-25T03:57:38.913Z', 'updated': '2020-03-25T03:57:38.913Z'}",2,False,False,
13,9030240,National Bolshevik Eurasian Front,"The successor to the National Bolshevik Eurasia Party.

WE ARE:
A group dedicated to spreading the ideas of a socialist planned economy and Russian pride throughout ROBLOX and other games.

OUR IDEOLOGIES:
National Bolshevism
Eurasianism
Turanism","{'buildersClubMembershipType': 'None', 'userId': 3673615, 'username': 'ChechenWarMaster333', 'displayName': 'ChechenWarMaster333'}","{'body': 'hi', 'poster': {'buildersClubMembershipType': 'None', 'userId': 64140578, 'username': 'b_ubb333', 'displayName': 'b_ubb333'}, 'created': '2021-01-06T14:39:44.923Z', 'updated': '2021-02-22T00:47:30.837Z'}",16,False,True,
14,7851108,Eternal Octavian Imperium,"ğ„ğ“ğ„ğ‘ğğ€ğ‹ ğğ‚ğ“ğ€ğ—©ğ—œğ—”ğ—¡ ğˆğŒğğ„ğ‘ğˆğ”ğŒ
â–¬â–¬â–¬â–¬â–¬â–¬â–¬â–¬â–¬â–¬â–¬â–¬â–¬â–¬â–¬â–¬â–¬â–¬â–¬â–¬â–¬â–¬â–¬â–¬

Nearly a hundred years after the Great Octavian Planetary Conquest, the new Galactic Octavian Imperium strives to establish itself further, as an Imperative power in the Galactic Universe. 

â–¬â–¬â–¬â–¬â–¬â–¬â–¬â–¬â–¬â–¬â–¬â–¬â–¬â–¬â–¬â–¬â–¬â–¬â–¬â–¬â–¬â–¬â–¬â–¬

ğ’ğ“ğ€ğ“ğ”ğ’: DEVELOPMENT AND PREPARATION
ğŒğğ“ğ“ğ: OCTAVIA ETERNAL
ğ‚ğ”ğ‹ğ“ğ”ğ‘ğ„: HUMAN (RICHTERIAN)

â–¬â–¬â–¬â–¬â–¬â–¬â–¬â–¬â–¬â–¬â–¬â–¬â–¬â–¬â–¬â–¬â–¬â–¬â–¬â–¬â–¬â–¬â–¬â–¬","{'buildersClubMembershipType': 'None', 'userId': 1908719123, 'username': 'ETERNALCOLLECTIVE', 'displayName': 'ETERNALCOLLECTIVE'}","{'body': 'Octavia is Eternal.', 'poster': {'buildersClubMembershipType': 'None', 'userId': 34979499, 'username': 'Bakyl', 'displayName': 'Bakyl'}, 'created': '2020-09-24T04:39:53.583Z', 'updated': '2021-03-15T17:21:53.777Z'}",7675,False,True,
15,5351020,Republic of Nephistan,,"{'buildersClubMembershipType': 'None', 'userId': 1234983235, 'username': 'DriverNephi_UT', 'displayName': 'DriverNephi_UT'}","{'body': 'Hello', 'poster': {'buildersClubMembershipType': 'None', 'userId': 64140578, 'username': 'b_ubb333', 'displayName': 'b_ubb333'}, 'created': '2019-12-24T14:05:59.37Z', 'updated': '2021-03-08T01:13:55.297Z'}",86,False,False,
16,6910061,Euskadi,"ğ„ğ®ğ¬ğ¤ğšğğ¢
â–¬â–¬â–¬â–¬â–¬â–¬â–¬â–¬â–¬â–¬â–¬â–¬â–¬â–¬â–¬â–¬â–¬â–¬â–¬â–¬â–¬â–¬â–¬â–¬â–¬

Euskadi, or the Basque Country, is a small republic situated on what is northern Spain and southern France on the coast of the bay of Bizkaia. Home to, as the name implies, the Basques; an ethno-linguistic group composed of speakers of the last pre-Indo European language in Europe, a language isolate known as Euskara, with their own distinct culture and traditions in many ways similar and many ways unique to those found in Spain and France. Euskadi boasts a powerful military and slowly developing civilian sector.

â–¬â–¬â–¬â–¬â–¬â–¬â–¬â–¬â–¬â–¬â–¬â–¬â–¬â–¬â–¬â–¬â–¬â–¬â–¬â–¬â–¬â–¬â–¬â–¬â–¬
ğ†ğ¨ğ¯ğğ«ğ§ğ¦ğğ§ğ­: Republic
ğ‚ğšğ©ğ¢ğ­ğšğ¥: Guernika
ğğŸğŸğ¢ğœğ¢ğšğ¥ ğ‹ğšğ§ğ ğ®ğšğ ğ: Euskara, English
ğŒğ¨ğ­ğ­ğ¨: Jaungoikoa eta Lege Zaharra
ğ€ğ§ğ­ğ¡ğğ¦: ""Eusko Abendaren Ereserkia""
ğ‚ğ®ğ«ğ«ğğ§ğœğ²: Eusko
ğğŸğŸğ¢ğœğ¢ğšğ¥ ğ‘ğğ¥ğ¢ğ ğ¢ğ¨ğ§:  Katolikoa
ğŒğšğ£ğ¨ğ«ğ¢ğ­ğ² ğ„ğ­ğ¡ğ§ğ¢ğœ ğ†ğ«ğ¨ğ®ğ©: Euskaldunak
â–¬â–¬â–¬â–¬â–¬â–¬â–¬â–¬â–¬â–¬â–¬â–¬â–¬â–¬â–¬â–¬â–¬â–¬â–¬â–¬â–¬â–¬â–¬â–¬â–¬
Military: https://www.roblox.com/groups/5266552/Euzko-Gudarostea#!/about","{'buildersClubMembershipType': 'None', 'userId': 1252698569, 'username': 'NafarroakoErresuma', 'displayName': 'NafarroakoErresuma'}",,91,False,True,
17,5252206,Free State of Camistan,"Camistan
cam'eh ston

The Free State of Camistan, nicknamed ""Cam Island"" is located in the coast of Northern Colombia. Camistan gained Independence after the Republic of My House fell and it's citizens building a platform structure in the ocean.  

Capital: Cam City
Language: English, Cam Creole
Demonym: Camistani
Government: CPP (Cam People's Party)
Currency: DMZ Dollar","{'buildersClubMembershipType': 'None', 'userId': 64440340, 'username': 'samp15', 'displayName': 'samp15'}","{'body': 'restarting', 'poster': {'buildersClubMembershipType': 'None', 'userId': 64440340, 'username': 'samp15', 'displayName': 'samp15'}, 'created': '2019-11-07T23:29:31.24Z', 'updated': '2020-10-28T17:57:20.803Z'}",6,False,False,
18,8058478,Political Parties of Elbe,"""Ever Faithful to Our People""
This group is for all the official political parties of Northern Elbe.","{'buildersClubMembershipType': 'None', 'userId': 2333684317, 'username': 'BetzSuccession', 'displayName': 'BetzSuccession'}",,5,False,False,
19,7630452,[FIN] Helsinki,"ğ‡ğ„ğ‹ğ’ğˆğğ†ğˆğ ğŠğ€ğ”ğğ”ğğŠğˆ, ğ“ğ‡ğ„ ğ‚ğˆğ“ğ˜ ğğ… ğ‡ğ„ğ‹ğ’ğˆğğŠğˆ
â– â–¬â–¬â–¬â–¬â–¬â–¬â–¬â–¬â–¬â–¬â–¬à¹‘Û©à¹‘â–¬â–¬â–¬â–¬â–¬â–¬â–¬â–¬â–¬â–¬â–¬â– 
Welcome to Helsinki - the capital of Finland

Tervetuloa Helsinkiin - Suomen pÃ¤Ã¤kaupunki
â– â–¬â–¬â–¬â–¬â–¬â–¬â–¬â–¬â–¬â–¬â–¬à¹‘Û©à¹‘â–¬â–¬â–¬â–¬â–¬â–¬â–¬â–¬â–¬â–¬â–¬â– 
Are you interested in starting a career here? Check for vacancies on our communications server, more information will be provided there.

Oletko kiinnostunut aloittamaan urasi tÃ¤Ã¤llÃ¤? Tarkista vapaat tyÃ¶paikat viestintÃ¤palvelimeltamme, saat lisÃ¤tietoja sieltÃ¤.
â– â–¬â–¬â–¬â–¬â–¬â–¬â–¬â–¬â–¬â–¬â–¬à¹‘Û©à¹‘â–¬â–¬â–¬â–¬â–¬â–¬â–¬â–¬â–¬â–¬â–¬â– 
ğ“ğ€ğ’ğ€ğ•ğ€ğ‹ğ‹ğ€ğ ğğ‘ğ„ğ’ğˆğƒğ„ğğ“ğ“ğˆ: jarik_800
ğğ€ğ€ğŒğˆğğˆğ’ğ“ğ„ğ‘ğˆ:
â– â–¬â–¬â–¬â–¬â–¬â–¬â–¬â–¬â–¬â–¬â–¬à¹‘Û©à¹‘â–¬â–¬â–¬â–¬â–¬â–¬â–¬â–¬â–¬â–¬â–¬â– 
ğğ„ğ‹ğˆ/ğ†ğ€ğŒğ„:  https://www.roblox.com/games/5642420705/
ğ•ğˆğ„ğ’ğ“ğˆğğ“ğ€/ğ‚ğğŒğŒğ”ğğˆğ‚ğ€ğ“ğˆğğ: jKwRpvD","{'buildersClubMembershipType': 'None', 'userId': 1911093873, 'username': 'kuraballibabu', 'displayName': 'kuraballibabu'}","{'body': 'Jotta voit pelata peliÃ¤mme, Maahanmuuttohakemuksesi tÃ¤ytyy olla hyvÃ¤ksytty. Maahanmuuttohakemukset katsotaan melkein joka pÃ¤ivÃ¤. Katso maahanmuuton kriteerit tÃ¤Ã¤ltÃ¤: https://twitter.com/HelsinkiRp/status/1350094800003985411?s=20', 'poster': {'buildersClubMembershipType': 'None', 'userId': 1911093873, 'username': 'kuraballibabu', 'displayName': 'kuraballibabu'}, 'created': '2020-11-18T17:35:44.747Z', 'updated': '2021-02-28T11:25:49.06Z'}",3165,False,True,
20,639094,anime 4 life,https://www.youtube.com/watch?v=Lv3A0_sls_I,"{'buildersClubMembershipType': 'None', 'userId': 1034280269, 'username': 'TenHeartsOneBeat', 'displayName': 'TenHeartsOneBeat'}","{'body': 'black people', 'poster': {'buildersClubMembershipType': 'None', 'userId': 1034280269, 'username': 'TenHeartsOneBeat', 'displayName': 'TenHeartsOneBeat'}, 'created': '2019-09-15T04:51:22.207Z', 'updated': '2019-10-14T04:23:15.447Z'}",1,False,True,
21,696448,Obama 2012,,"{'buildersClubMembershipType': 'None', 'userId': 1234983235, 'username': 'DriverNephi_UT', 'displayName': 'DriverNephi_UT'}","{'body': 'We dream big.', 'poster': {'buildersClubMembershipType': 'None', 'userId': 1234983235, 'username': 'DriverNephi_UT', 'displayName': 'DriverNephi_UT'}, 'created': '2019-07-22T07:30:33.827Z', 'updated': '2020-03-16T00:49:33.107Z'}",7,False,True,
22,9448581,democratic peoples republic of troll,"ANTI DEVIN COALITION
GOD: BIG FLOPPA AND TROLLFACE","{'buildersClubMembershipType': 'None', 'userId': 2343228262, 'username': 'b4nett', 'displayName': 'b4nett'}","{'body': 'I AM PROUD ISRAELI!!!', 'poster': {'buildersClubMembershipType': 'None', 'userId': 2377460013, 'username': 'KACZYNSKl', 'displayName': 'KACZYNSKl'}, 'created': '2021-02-14T15:00:34.32Z', 'updated': '2021-03-26T18:06:01.347Z'}",12,False,False,
23,9134737,Gypsycrusader Fan Group,"Welcome to the Gypsycrusader Fan Group.
------------------------------------------------------------


We are a group of people who enjoy Gypsycrusader's streams and video content.

maybe we'll do events in the future idk lol


------------------------------------------------------------

Disclaimer to moderators:

This group is not directly associated with the person who portrays the character of Gypsycrusader nor do we inherently support his political message.","{'buildersClubMembershipType': 'None', 'userId': 2290694478, 'username': 'gypsvcrusader', 'displayName': 'gypsvcrusader'}",,104,False,True,
24,7172768,Miami Paramilitary Squad,"RSA SUB-GROUP

The Miami Paramilitary Squad is a sub-group that comes from the Roblox Squadrist Action.
Our objective is to establish an autonomous group to influence Miami's politics and community.

Paramilitary Commander: nogatonis
Miami Squad Leader: Matic_RS

25/07/2020",,,0,False,False,
25,8469155,The Empire of Wadiya,"Wadiya, a fictional country is known as a Totalitarian nation located in the southern hemisphere near Africa and southwest Asia. It's savage dictator however, shows no mercy but to do what's right for this beloved nation. Our main goal is to not only represent our nation as a well powerful one but also to terrorize those that are a threat. Join now to become a wadiyan and rise this nation. â–¬â–¬â–¬â–¬â–¬â–¬â–¬â–¬â–¬â–¬â–¬â–¬â–¬â–¬â–¬â–¬â–¬â–¬â–¬â–¬â–¬â–¬â–¬â–¬â–¬â–¬â–¬â–¬â–¬â–¬â–¬â–¬â–¬â–¬â–¬â–¬â–¬â–¬â–¬â–¬â–¬â–¬â–¬â–¬â–¬â–¬â–¬â–¬â–¬â–¬ 
  
ğƒğ¢ğ¬ğœğ¥ğšğ¢ğ¦ğğ«: This is only an idea of a military role-playing organization based on a movie.  â–¬â–¬â–¬â–¬â–¬â–¬â–¬â–¬â–¬â–¬â–¬â–¬â–¬â–¬â–¬â–¬â–¬â–¬â–¬â–¬â–¬â–¬â–¬â–¬â–¬â–¬â–¬â–¬â–¬â–¬â–¬â–¬â–¬â–¬â–¬â–¬â–¬â–¬â–¬â–¬â–¬â–¬â–¬â–¬â–¬â–¬â–¬â–¬â–¬â–¬ 
ğ™ğ™©ğ™–ğ™©ğ™ªğ™¨: working in progress 
ğ™ˆğ™¤ğ™©ğ™©ğ™¤: â€œAll hail Admiral General Aladeen!â€
ğ™’ğ™–ğ™§ ğ˜¼ğ™›ğ™›ğ™–ğ™ğ™§ğ™¨: None

STAFF WANTED! â–¬â–¬â–¬â–¬â–¬â–¬â–¬â–¬â–¬â–¬â–¬â–¬â–¬â–¬â–¬â–¬â–¬â–¬â–¬â–¬â–¬â–¬â–¬â–¬â–¬â–¬â–¬â–¬â–¬â–¬â–¬â–¬â–¬â–¬â–¬â–¬â–¬â–¬â–¬â–¬â–¬â–¬â–¬â–¬â–¬â–¬â–¬â–¬â–¬â–¬","{'buildersClubMembershipType': 'None', 'userId': 60142615, 'username': 'Plazlll', 'displayName': 'Plazlll'}","{'body': 'Make sure to join our comms!!(Under social links)', 'poster': {'buildersClubMembershipType': 'None', 'userId': 60142615, 'username': 'Plazlll', 'displayName': 'Plazlll'}, 'created': '2021-01-18T22:19:22.623Z', 'updated': '2021-03-27T22:43:00.82Z'}",830,False,True,
26,5566115,The Kobe Bryant Helicopter Flight School,,"{'buildersClubMembershipType': 'None', 'userId': 1034280269, 'username': 'TenHeartsOneBeat', 'displayName': 'TenHeartsOneBeat'}",,39,False,True,True
27,8279207,Catboy Supremacy,"â™¡ Welcome to Catboy Supremacy â™¡
â”€â”€â”€â”€ âœ§^â™¡^âœ§ â”€â”€â”€â”€
Info :
- Catboy Supremacy is a Neko and LGBTQ friendly group that is a haven where you can be yourself with people  with similar interests for a unique community experience.

Ranking :
- To get ranks, you must own the shirts.
- For the admin rank, you would have to buy the admin gamepass from the game's page.
- For the investor rank, you would have to be an investor and invest over 30 thousand.
- If it takes any longer, post on the group wall if you bought one of them.
- Ranking would at least take a day or more to process.(ranks are a one time purchase)
- Ranks don't matter, everyone is welcome!

Game :
- We update the game very often to fix and improve aesthetic.
- It's still on WIP so more would be added in the future.
- If there are any bugs, please let us know and be patient.

~ Currently the biggest catboy group on Roblox ~
~ 9000+ members ~
~ Made on 11/08/20 ~
â”€â”€â”€â”€ âœ§^â™¡^âœ§ â”€â”€â”€â”€","{'buildersClubMembershipType': 'None', 'userId': 88512255, 'username': 'Catboy_Developer', 'displayName': 'Catboy_Developer'}","{'body': 'Make sure to check out our clothing and game!', 'poster': {'buildersClubMembershipType': 'None', 'userId': 88512255, 'username': 'Catboy_Developer', 'displayName': 'Catboy_Developer'}, 'created': '2020-11-08T04:50:48.87Z', 'updated': '2021-03-24T04:56:19.007Z'}",12456,False,True,
28,580779,B.E. Special OPs,"now that B.E. has gone bonkers, B.E. spec ops is stepping in to take its place","{'buildersClubMembershipType': 'None', 'userId': 1421971848, 'username': 'VeelaGroupHolder9', 'displayName': 'VeelaGroupHolder9'}",,36,False,True,True
29,9525938,Collaborative Nations' Alliance Administration,,"{'buildersClubMembershipType': 'None', 'userId': 18648096, 'username': 'LordRitos', 'displayName': 'LordRitos'}","{'body': 'Communications Server Invite: k7f3JMgp5m', 'poster': {'buildersClubMembershipType': 'None', 'userId': 1024241291, 'username': 'street_yada', 'displayName': 'street_yada'}, 'created': '2021-02-10T17:20:34.537Z', 'updated': '2021-02-10T17:20:34.537Z'}",23,False,False,
30,5907635,ZAUK| United Kigdom,"The United Kingdom of Great Britain and Northern Ireland, a democratic country which a land from Europe, It consists of four countries United into 1 Kingdom: England, Northern Ireland, Scotland and Wales.
â–¬â–¬â–¬â–¬â–¬â–¬â–¬â–¬â–¬â–¬â–¬â–¬â–¬â–¬â–¬â–¬â–¬â–¬â–¬â–¬â–¬â–¬
Anthem: â€œGod Save The Kingâ€
Capital: London
Official Language: English
Goverment: Unitary parliamentary constitutional monarchy
Legislature: Parliament
Ruling Party: Conservative Party
Currency: Pound Sterling
â–¬â–¬â–¬â–¬â–¬â–¬â–¬â–¬â–¬â–¬â–¬â–¬â–¬â–¬â–¬â–¬â–¬â–¬â–¬â–¬â–¬â–¬
Monarch: HM King WiIIiam I
Prime Minister: EX_TARGET
â–¬â–¬â–¬â–¬â–¬â–¬â–¬â–¬â–¬â–¬â–¬â–¬â–¬â–¬â–¬â–¬â–¬â–¬â–¬â–¬â–¬â–¬
ğ‚ğ¨ğ¦ğ¦ğ®ğ§ğ¢ğœğšğ­ğ¢ğ¨ğ§ğ¬ ğ’ğğ«ğ¯ğğ«: tG9hRC2vsY","{'buildersClubMembershipType': 'None', 'userId': 179395169, 'username': 'Zalankecske', 'displayName': 'Zalankecske'}","{'body': 'Welcome to this United Kingdom. Want a job? Join Communications server down there!', 'poster': {'buildersClubMembershipType': 'None', 'userId': 179395169, 'username': 'Zalankecske', 'displayName': 'Zalankecske'}, 'created': '2020-04-08T08:13:26.13Z', 'updated': '2021-01-20T11:52:07.253Z'}",104,False,True,
31,4659708,All Vasilyism,"â˜­ à¹–Û£Û£Ûœğ¼ğ’¹ğ‘’ğ’¶ ğ‘œğ’» à¹–Û£Û£Ûœğ’±ğ’¶ğ“ˆğ’¾ğ“ğ“ğ’¾ğ“ˆğ“‚ â­

â˜­ â˜… Â«Heart of a Vasilyist shines Fiery and Pure!Â» ğŸš©â­ 
â˜­â–¬â–¬â–¬â–¬â–¬â–¬â–¬â–¬â–¬â–¬â–¬â–¬â–¬â–¬â–¬â˜…â–¬â–¬â–¬â–¬â–¬â–¬â–¬â–¬â–¬â–¬â–¬â–¬â–¬â–¬â–¬â˜­
â­ Ğ’Ğ°ÑĞ¸Ğ»Ğ¸Ğ·Ğ¼ â­ (eng. Vasilyism, in honor of the name of
Vasilyev's father â€” Vasily), also ""neo-socialism"" (from lat.
Neo â€” new) â€” is the philosophical, social, political, and
economic view and movement whose ultimate goal is the
establishment of the vasilyist society, which is a
socioeconomic order structured upon the common ownership
of the means of production and the absence of social classes,
money, and the state.
â˜­â–¬â–¬â–¬â–¬â–¬â–¬â–¬â–¬â–¬â–¬â–¬â–¬â–¬â–¬â–¬â˜…â–¬â–¬â–¬â–¬â–¬â–¬â–¬â–¬â–¬â–¬â–¬â–¬â–¬â–¬â–¬â˜­","{'buildersClubMembershipType': 'None', 'userId': 1588092588, 'username': 'TheVasiIy', 'displayName': 'TheVasiIy'}","{'body': 'â˜­ â˜… Â«Requests to this group are not accepted, as it is used for alliances of the Party of Vasilyism of The Robloxia â€” www.roblox.com/groups/4624811/PVTR. The desire to become a Vasilyist is the desire to be our Party worker!Â» ğŸš©â­', 'poster': {'buildersClubMembershipType': 'None', 'userId': 315125462, 'username': 'TheVasilyev', 'displayName': 'TheVasilyev'}, 'created': '2019-05-01T19:09:24.783Z', 'updated': '2020-04-24T12:04:01.19Z'}",2,False,False,
32,4102335,The Norse Realm,"Click ""...More"" to see the full Norse Information!

GODS:
Odin - God Of Wisdom // Ruler Of The Gods
Bragi - God Of Poetry
Freyja - Goddess Of Love
Frigg - God Of The Sky
Hel - Goddess Of The Dead
Idun - Goddess Of Rebirth
Mimir - God Of Knowledge
Njord - God Of The Seas
Thor - God Of Thunder
Tyr - God Of War
Ymir - Creator Of The Worlds

WORLDS:
Midgard - World Of Humans
Asgard - World Of The Aesir
Vanaheim - World Of The Vanir
Alfheim - World Of The Light Elves
Svartalfheim - World Of The Dark Elves
Nidavelir - World Of The Dwarves
Jotunheim - World Of The Giants
Nilfheim - World Of Ice
Hel - World Of The Dead




","{'buildersClubMembershipType': 'None', 'userId': 1034280269, 'username': 'TenHeartsOneBeat', 'displayName': 'TenHeartsOneBeat'}","{'body': '######## #####', 'poster': {'buildersClubMembershipType': 'None', 'userId': 1034280269, 'username': 'TenHeartsOneBeat', 'displayName': 'TenHeartsOneBeat'}, 'created': '2018-05-05T09:48:50.567Z', 'updated': '2019-11-12T17:14:57.303Z'}",5,False,True,
33,5228740,Arab Funny,"Welcome to r(oblox)/Arabfunny, this is the only group in roblox where we do arab memes, join now!","{'buildersClubMembershipType': 'None', 'userId': 993400811, 'username': 'Squat_Girl', 'displayName': 'Squat_Girl'}","{'body': 'Remember to join our halal server ÙŠØªØ³Ø±Ø¨ Ø³ Ø¨', 'poster': {'buildersClubMembershipType': 'None', 'userId': 993400811, 'username': 'Squat_Girl', 'displayName': 'Squat_Girl'}, 'created': '2019-10-18T23:11:26.963Z', 'updated': '2019-11-10T23:15:41.9Z'}",60,False,True,
34,5406916,Trollers or friends or both or neither,"we troll and we are French
(Conquered by Quebec Nationalist Party)
Now itâ€™s yo mama fan club","{'buildersClubMembershipType': 'None', 'userId': 1462922681, 'username': 'theverycoolandsvxy', 'displayName': 'theverycoolandsvxy'}",,7,False,True,
35,8312519,[XKV] Republika e KosovÃ«s,"Republika e KosovÃ«s
Republic of Kosovo
Republika Kosovo
----------------------
ğ— ğ—¼ğ˜ğ˜ğ—¼: None
ğ—”ğ—»ğ˜ğ—µğ—²ğ—º: Europe
ğ—–ğ—®ğ—½ğ—¶ğ˜ğ—®ğ—¹ ğ—–ğ—¶ğ˜ğ˜†: Prishtina
ğ—¢ğ—³ğ—³ğ—¶ğ—°ğ—¶ğ—®ğ—¹ ğ—Ÿğ—®ğ—»ğ—´ğ˜‚ğ—®ğ—´ğ—²ğ˜€: Albanian,Serbian,English
ğ—šğ—¼ğ˜ƒğ—²ğ—¿ğ—»ğ—ºğ—²ğ—»ğ˜: Parliamentary Republic
ğ—Ÿğ—²ğ—´ğ—¶ğ˜€ğ—¹ğ—®ğ˜ğ˜‚ğ—¿ğ—²: Assembly of the Republic of Kosovo
--------------------------
ğğ«ğğ¬ğ¢ğğğ§ğ­: Ervin29
ğğ«ğ¢ğ¦ğ ğŒğ¢ğ§ğ¢ğ¬ğ­ğğ«: eddietown
--------------------------
ğ‚ğ¨ğ§ğŸğ¥ğ¢ğœğ­ğ¬:
Independice War For KosovÃ« = W

W-Win | O-Ongoing |L-Loss | T-Treaty","{'buildersClubMembershipType': 'None', 'userId': 93225519, 'username': 'Ervin29', 'displayName': 'Ervin29'}","{'body': 'Hello Everyone, who is wishing to join The Republic of Kosovo Please Join. Communications so we dont, Ignore your Requests!', 'poster': {'buildersClubMembershipType': 'None', 'userId': 93225519, 'username': 'Ervin29', 'displayName': 'Ervin29'}, 'created': '2020-11-12T08:29:47.73Z', 'updated': '2021-01-17T21:30:49.59Z'}",17,False,False,
36,3098828,Socialist Party,"The International Socialist Party

__

The Socialist Party stands for the abolition of every form of domination and exploitation, whether based on social class, gender, race/ethnicity, age, education, gender orientation, or other characteristics.
For these reasons we call for social ownership and democratic control of productive resources, for a guarantee to all of the right to participate in societal production, and to a fair share of society's product, in accordance with individual needs.","{'buildersClubMembershipType': 'None', 'userId': 27986538, 'username': 'Zozerozos', 'displayName': 'Zozerozos'}","{'body': 'https://www.roblox.com/My/Groups.aspx?gid=3351609', 'poster': {'buildersClubMembershipType': 'None', 'userId': 27986538, 'username': 'Zozerozos', 'displayName': 'Zozerozos'}, 'created': '2017-02-08T22:09:31.54Z', 'updated': '2017-07-19T19:34:47.873Z'}",24,False,True,
37,4751054,Arabfunny,"Arabfunny
 join if your a real arabfunner   Ù† Ø­Ø¨ Ø£Ø¹Ø¶Ø§Ø¦Ù†Ø§ ÙƒØ«ÙŠØ±Ø§ ÙˆÙ†Ù‚Ø¯Ø± Ù„Ù‡Ù…
ğŸ½ğŸ½ğŸ½ğŸ½ğŸ½ğŸ½ğŸ½ğŸ½ğŸ½","{'buildersClubMembershipType': 'None', 'userId': 1217031834, 'username': 'ConnorRichterian', 'displayName': 'ConnorRichterian'}","{'body': 'Praise Allah', 'poster': {'buildersClubMembershipType': 'None', 'userId': 1217031834, 'username': 'ConnorRichterian', 'displayName': 'ConnorRichterian'}, 'created': '2019-10-10T04:37:31.247Z', 'updated': '2021-01-24T23:58:36.13Z'}",443,False,True,
38,8001743,Troll Face Legion 2,"Gardenscapes best game 
we're also the the peter muskrat army
bert collectors
UTTP CLUB 2.0
Chadist 
Basedist 
Gaming Truly
DM NicoTheSiegeistâ™¯2642 for requests or so 
lol?
Other stuff coming soon or so idk","{'buildersClubMembershipType': 'None', 'userId': 1625250611, 'username': 'NicoKarovist', 'displayName': 'NicoKarovist'}","{'body': 'ğŸ˜subhan allohâ˜ğŸ»', 'poster': {'buildersClubMembershipType': 'None', 'userId': 1940223300, 'username': 'igotnuzwannasucthem', 'displayName': 'igotnuzwannasucthem'}, 'created': '2020-10-08T23:53:35.047Z', 'updated': '2021-01-17T12:04:48.713Z'}",66,False,False,
39,239313,NATO (North Atlantic Treaty Organization),"The North Atlantic Treaty Organization of Roblox is committed to creating a strong and everlasting military and civil alliance between Ro-Nations. Our Organization works strongly with its members to provide international peace and security. This system collective defense ensures that members always have a helping hand when in need. 

Nation Application Declaration : https://forum.roblox.com/Forum/ShowPost.aspx?PostID=213757617

Forward this format to either the Secretary General of NATO, the Deputy Secretary General of NATO, or a Member of the NATO Administrative Assistance Board. (Feel free to contact multiple with the same request in order to ensure that it is received) 

----------------------

Officially Recognized by the RNC.

Our Weekly North Atlantic Council Meetings are held every Saturday at # ## #### Guests and Spectators are welcome. If you do not have access to the NATO Headquarters or require an Identification card, speak with the NIS at the NATO Duty Center in t","{'buildersClubMembershipType': 'None', 'userId': 48297605, 'username': 'NATOGroups', 'displayName': 'NATOGroups'}",,271,False,False,
40,573650,Church of Christ Congregation,"These people are TRUE Christians that do as much as they can do to pass people into Christ. They new voluntary work for the people who are in need and help and to their community. These people had a one way ticket to heaven when they were born!

We do the best we can do to help others and turn others to Christ.","{'buildersClubMembershipType': 'None', 'userId': 870664924, 'username': 'Swedish_Ikea3', 'displayName': 'Swedish_Ikea3'}","{'body': 'Amen!', 'poster': {'buildersClubMembershipType': 'None', 'userId': 870664924, 'username': 'Swedish_Ikea3', 'displayName': 'Swedish_Ikea3'}, 'created': '2019-12-09T17:51:34.14Z', 'updated': '2019-12-09T17:51:34.14Z'}",249,False,True,
41,2974419,Sinatra Â,"You might be here because you received an alliance request. I am merely trying to spread the word of the greatest singer in history.
---
We're nice, we don't bite-- join today!
-------

HOW TO GET ROLES
Super Member - 1 Purchase
Ultra Member - 5+ Purchases
Epic Member - 10+ Purchases
INSANE Member - 25+ Purchases
AMAZING MEMBER - 50+ Purchases
LITERALLY AWESOME - 100+ Purchases
Allied Member - Allied Leader
----
DM TO GET ROLES!","{'buildersClubMembershipType': 'None', 'userId': 178993734, 'username': 'BIack_Crown', 'displayName': 'BIack_Crown'}","{'body': 'WANT A BETTER RANK? CHECK THE DESCRIPTION!!! JOIN OUR CHAT SERVER HERE -> /jM2k7Ge | Need Allied Rank? Message me using this link: https://www.roblox.com/messages/compose?recipientId=178993734 Please include group name and username in the message!!!!', 'poster': {'buildersClubMembershipType': 'None', 'userId': 178993734, 'username': 'BIack_Crown', 'displayName': 'BIack_Crown'}, 'created': '2017-08-04T02:41:43.097Z', 'updated': '2019-11-09T04:52:08.54Z'}",4809,False,True,
42,2968790,Vinland Riket,"ğ•ğˆğğ‹ğ€ğğƒ ğ‘ğˆğŠğ„ğ“
â–¬â–¬â–¬â–¬â–¬â–¬â–¬â–¬â–¬â–¬â–¬â–¬â–¬â–¬â–¬â–¬â–¬â–¬â–¬â–¬â–¬â–¬â–¬â–¬â–¬
SlÃ¥ss for Vinland's uavhengighet






















â–¬â–¬â–¬â–¬â–¬â–¬â–¬â–¬â–¬â–¬â–¬â–¬â–¬â–¬â–¬â–¬â–¬â–¬â–¬â–¬â–¬â–¬â–¬â–¬â–¬

ğ€ğğ“ğ‡ğ„ğŒ: ""PÃ¥ Wikingtokt""

â–¬â–¬â–¬â–¬â–¬â–¬â–¬â–¬â–¬â–¬â–¬â–¬â–¬â–¬â–¬â–¬â–¬â–¬â–¬â–¬â–¬â–¬â–¬â–¬â–¬
","{'buildersClubMembershipType': 'None', 'userId': 1034280269, 'username': 'TenHeartsOneBeat', 'displayName': 'TenHeartsOneBeat'}","{'body': 'lol hi', 'poster': {'buildersClubMembershipType': 'None', 'userId': 1216019554, 'username': 'TroopNuke', 'displayName': 'TroopNuke'}, 'created': '2016-10-18T13:37:22.93Z', 'updated': '2019-12-17T21:34:28.1Z'}",10,False,True,
43,3014367,-Amphibians-,"From ljbertarian, borderline to extremely anarchist, voluntaryist clothing group.

Better dead than red!","{'buildersClubMembershipType': 'None', 'userId': 43444752, 'username': 'thug4lyfe22', 'displayName': 'thug4lyfe22'}","{'body': 'They put a fee on us to upload now?????', 'poster': {'buildersClubMembershipType': 'None', 'userId': 43444752, 'username': 'thug4lyfe22', 'displayName': 'thug4lyfe22'}, 'created': '2016-12-08T20:14:35.917Z', 'updated': '2021-03-28T11:09:11.487Z'}",152,False,True,
44,9071332,People's Socialist Libyan Arab Jamahiriya,"People's Socialist Libyan Arab Jamahiriya

----------------------------------------------------------------

The Socialist People's Libyan Arab Jamahiriya was a nation in what is today Libya. It came into place after an Army General ""Muammar Qaddafi"" launched a State Coup or more fancy Coup d'Ã©tat, on the United Kingdom of Libya.

This group aims to portray the Socialist People's Libyan Arab Jamahiriya in a neutral light. We do not allow any attempts at recreating horrific acts committed by anyone under Muammar's Regiment and we stand strongly against it.

----------------------------------------------------------------

''Unity, Freedom, Socialism''","{'buildersClubMembershipType': 'None', 'userId': 123922757, 'username': 'elmiguesss', 'displayName': 'elmiguesss'}","{'body': 'ğ™‚ğ™§ğ™šğ™šğ™£ ğ™œğ™§ğ™¤ğ™¬ğ™¨ ğ™ğ™£ ğ™ğ™–ğ™ğ™–ğ™§ğ™–', 'poster': {'buildersClubMembershipType': 'None', 'userId': 984732749, 'username': 'plsunbansugingmelon', 'displayName': 'plsunbansugingmelon'}, 'created': '2021-01-09T20:30:43.837Z', 'updated': '2021-01-09T20:30:43.837Z'}",10,False,True,
45,9514217,|U.N.| United Nations Peace Keeping,"- United Nations Peace Keeping -

The United Nations Peace Keeping (UNPK) is responsible with the objective of supporting struggling nations and aiding struggling armies during civil unrest. The UNPK is a third-party, unbiased entity composed of foreign soldiers & volunteers.","{'buildersClubMembershipType': 'None', 'userId': 2350220824, 'username': 'UN_Govt', 'displayName': 'UN_Govt'}",,3,False,False,
46,4985578,Jaysh Abyan al Islamiyya,Islamic Staete,"{'buildersClubMembershipType': 'None', 'userId': 64140578, 'username': 'b_ubb333', 'displayName': 'b_ubb333'}","{'body': 'Hello :)', 'poster': {'buildersClubMembershipType': 'None', 'userId': 64140578, 'username': 'b_ubb333', 'displayName': 'b_ubb333'}, 'created': '2021-01-11T00:39:08.817Z', 'updated': '2021-03-08T00:55:51.623Z'}",42,False,True,
47,7889132,3.14.Ì¶ÌŠÍ—Ì»Ì¹,official,"{'buildersClubMembershipType': 'None', 'userId': 64140578, 'username': 'b_ubb333', 'displayName': 'b_ubb333'}","{'body': 'h;i.', 'poster': {'buildersClubMembershipType': 'None', 'userId': 64140578, 'username': 'b_ubb333', 'displayName': 'b_ubb333'}, 'created': '2020-12-14T23:59:27.597Z', 'updated': '2020-12-14T23:59:27.597Z'}",31,False,True,
48,9447661,[FIN] Puolustusvoimat | The Finnish Defence Forces,,"{'buildersClubMembershipType': 'None', 'userId': 1911093873, 'username': 'kuraballibabu', 'displayName': 'kuraballibabu'}","{'body': '', 'poster': {'buildersClubMembershipType': 'None', 'userId': 1911093873, 'username': 'kuraballibabu', 'displayName': 'kuraballibabu'}, 'created': '2021-02-03T19:22:23.487Z', 'updated': '2021-02-03T19:22:23.487Z'}",122,False,True,
49,9252590,Third Way International,"Let us recall a historical event in the face of the failure of liberal capitalism and communism. We know the damage they have produced from the socio-economic point of view, that is, from capitalism that for the increasingly rich and the poorest and for communism the many people who have reduced the terms of survival to a minimum. 2 systems that have shown their failure. Only 76 years ago in Italy, a welfare state experience ended that overtook these socio-economic systems we have. Western capitalism and on the other hand Soviet and then Chinese state capitalism. the Italian experience considered fascism exploded in all its complexity in a very difficult moment, that of the Italian social republic. more than anything else it launched a message that we must take into account today because it implies a change of man implies the collaboration of the classes implies the killing of selfishness and also implies a union and a labor judiciary that takes care of everyone's interests.","{'buildersClubMembershipType': 'None', 'userId': 1235009616, 'username': 'nogatonis', 'displayName': 'nogatonis'}","{'body': 'All catboys have been purged. No catboys allowed.', 'poster': {'buildersClubMembershipType': 'None', 'userId': 1235009616, 'username': 'nogatonis', 'displayName': 'nogatonis'}, 'created': '2021-01-21T20:46:36.39Z', 'updated': '2021-03-27T20:52:37.777Z'}",25,False,True,
50,5129967,Impalau Cieurns,Fell by the turn of '21.,"{'buildersClubMembershipType': 'None', 'userId': 1166221425, 'username': 'Alderecht', 'displayName': 'Alderecht'}","{'body': '', 'poster': {'buildersClubMembershipType': 'None', 'userId': 1166221425, 'username': 'Alderecht', 'displayName': 'Alderecht'}, 'created': '2019-08-27T01:20:19.9Z', 'updated': '2020-10-31T21:00:11.323Z'}",2,False,False,
51,7889161,Patriots of Russia Imperium,russia support,"{'buildersClubMembershipType': 'None', 'userId': 1052852835, 'username': 'DrillSergeantGrey', 'displayName': 'DrillSergeantGrey'}","{'body': 'croatsplosion', 'poster': {'buildersClubMembershipType': 'None', 'userId': 1052852835, 'username': 'DrillSergeantGrey', 'displayName': 'DrillSergeantGrey'}, 'created': '2020-10-24T12:56:32.06Z', 'updated': '2020-10-27T19:49:53.867Z'}",12,False,True,
52,5126936,Kali Yuga Inc.,"friendship with Krishna ended

Jesus is new best friend

Currently Avoiding Chinse Viruses

Founded 12/23/18","{'buildersClubMembershipType': 'None', 'userId': 1034280269, 'username': 'TenHeartsOneBeat', 'displayName': 'TenHeartsOneBeat'}","{'body': 'FIRST SHOUT OF 2021 LOSERS', 'poster': {'buildersClubMembershipType': 'None', 'userId': 927947809, 'username': 'joeswansonethnostate', 'displayName': 'joeswansonethnostate'}, 'created': '2019-08-23T03:00:38.167Z', 'updated': '2021-02-03T19:45:30.243Z'}",68,False,False,
53,2916124,[SP] Palestinian Liberation Organization,"The PLO is the sole legitimate representative of the Palestinian people. It is the Government of Palestine and affiliated with most of political parties and movements.
â– â–¬â–¬â–¬â–¬â–¬â–¬â–¬â–¬â–¬â–¬â–¬â–¬â–¬â–¬â–¬â–¬â–¬â–¬â–¬â–¬â–¬â–¬â–¬â– 
[CHAIRMAN] His Excellency, Gatzzy
[DEPUTY CHAIRMAN] His Excellency, hikma_t
[RULING PARTY]
â– â–¬â–¬â–¬â–¬â–¬â–¬â–¬â–¬â–¬â–¬â–¬â–¬â–¬â–¬â–¬â–¬â–¬â–¬â–¬â–¬â–¬â–¬â–¬â– 

(not in use currently)","{'buildersClubMembershipType': 'None', 'userId': 106966472, 'username': 'ChairmanYasserArafat', 'displayName': 'ChairmanYasserArafat'}",,74,False,True,
54,5695773,Roy fanclub,"Official PI funding

Main group:

https://www.roblox.com/groups/5676397/Chechen-Islamic-Agrarian-Socialist-Party#!/about","{'buildersClubMembershipType': 'None', 'userId': 635027342, 'username': 'TNG_alt1', 'displayName': 'TNG_alt1'}","{'body': 'burn the roy', 'poster': {'buildersClubMembershipType': 'None', 'userId': 635027342, 'username': 'TNG_alt1', 'displayName': 'TNG_alt1'}, 'created': '2020-03-06T01:37:22.387Z', 'updated': '2021-03-22T03:42:02.973Z'}",60,False,True,
55,5972767,Breizhá… ,"ğğ‘ğ„ğˆğ™ğ‡

ğ“ğ‡ğ„ ğ‘ğ„ğğ”ğğ‹ğˆğ‚ ğğ… ğğ‘ğˆğ“ğ“ğ€ğğ˜


The Republic of Brittany is a small, fully independent nation of Celtic origins on The Brittany Peninsula of Europe.
________________________________________________________

ğ‚ğ€ğğˆğ“ğ€ğ‹ - ğ™ğ™Šğ˜¼ğ™•ğ™ƒğ™Šğ™‰

ğ‚ğ”ğ‘ğ‘ğ„ğğ‚ğ˜ - ğ˜¾'ğ™ƒğ™€ğ™‡ğ™‡ğ˜¼ğ™‰ğ™

ğ†ğğ•ğ„ğ‘ğğŒğ„ğğ“ - ğ™ğ™€ğ˜¿ğ™€ğ™ğ˜¼ğ™‡ ğ™‹ğ˜¼ğ™ğ™‡ğ™„ğ˜¼ğ™ˆğ™€ğ™‰ğ™ğ˜¼ğ™ğ™” ğ™ğ™€ğ™‹ğ™ğ˜½ğ™‡ğ™„ğ˜¾

ğğ…ğ…ğˆğ‚ğˆğ€ğ‹ ğ‹ğ€ğğ†ğ”ğ€ğ†ğ„ğ’ - ğ˜½ğ™ğ™€ğ™•ğ™ƒğ™Šğ™‰ğ™€ğ™‚

ğ‘ğ„ğ‚ğğ†ğğˆğ™ğ„ğƒ ğ‹ğ€ğğ†ğ”ğ€ğ†ğ„ğ’ - ğ™€ğ™‰ğ™‚ğ™‡ğ™„ğ™ğ™ƒ,ğ™ğ™ğ™€ğ™‰ğ˜¾ğ™ƒ","{'buildersClubMembershipType': 'None', 'userId': 557120920, 'username': 'Hamburger_Griller', 'displayName': 'Hamburger_Griller'}",,15,False,False,
56,5843743,All Zionism,,,,0,False,False,
57,8415525,The Nation of O'Rielly,"The Republic of O'Rielly

Era: Modern Alternate Timeline

Current Wars: N/A

Capitol: Saratoga, New York
--------------------------
President: Peopleofchrisville

Main Weapons: M16A1
--------------------------
Ideology: Democratic

History:
O'Rielly was founded in November of 2020 by peopleofchrisville. Started off as Massachusetts, New Hampshire, Vermont, New York, New Jersey, and Pennsylvania. Current land is Upstate New York with a small sliver of land dividing Canada from O'Rielly to the north.","{'buildersClubMembershipType': 'None', 'userId': 2035751799, 'username': 'NationofORIelly', 'displayName': 'NationofORIelly'}","{'body': 'Remember to join our Discourd Server! it Grants automatic Citizenship!', 'poster': {'buildersClubMembershipType': 'None', 'userId': 118904043, 'username': 'peopleofchrisville', 'displayName': 'peopleofchrisville'}, 'created': '2020-12-15T16:42:49.877Z', 'updated': '2020-12-15T16:42:49.877Z'}",56,False,True,
58,9922344,Bosniak Islamic Volunteer Fighters,We don't break Roblox's ToS nor support the acts they have done and if someone does they will be exiled from the group and reported to Roblox.,"{'buildersClubMembershipType': 'None', 'userId': 858132652, 'username': 'SCP1471_lsCool', 'displayName': 'SCP1471_lsCool'}","{'body': 'the croatians will be prey', 'poster': {'buildersClubMembershipType': 'None', 'userId': 858132652, 'username': 'SCP1471_lsCool', 'displayName': 'SCP1471_lsCool'}, 'created': '2021-03-30T22:34:55.747Z', 'updated': '2021-03-30T22:34:55.747Z'}",18,False,True,
59,3990831,goobies,"Welcome to the new, fast growing and active Goobies Shirt Creators, we hope you enjoy your stay! ğŸ‘•

The group has been created with the intention to allow everyone to create clothing, and grow a new brand in the world of ROBLOX! 

All users are allowed to upload shirts, pants and t-shirts to the group's store and set its price!

How the group works? 
The more creators, the more clothing, the more funds to share between all users. No matter how much you upload, you'll always get a cut of the group funds!

The higher you are in the group, the higher is your payout! ğŸ”¥ ğŸ‘• ğŸ”¥ 

â­â­â­â­â­â­â­â­â­â­â­â­â­â­â­â­â­â­â­â­â­â­â­â­â­â­â­â­â­â­
How to make a Shirt, T-Shirt or Pants:
1. Click the 'Store' Tab
2. Click 'Shirt', 'T-Shirt' or 'Pants'
3. Click the 'Browse' button and find the file you wish to upload.
4. Click 'Upload'
5. Your bit of clothing will automatically appear in the groups 'Store' Tab!
â­â­â­â­â­â­â­â­â­â­â­â­â­â­â­â­â­â­â­â­â­â­â­â­â­â­â­â­â­â­","{'buildersClubMembershipType': 'None', 'userId': 1880161, 'username': 'excellentAnarchy', 'displayName': 'excellentAnarchy'}","{'body': 'Game is updated!', 'poster': {'buildersClubMembershipType': 'None', 'userId': 1510808254, 'username': '550PT', 'displayName': '550PT'}, 'created': '2018-03-25T12:45:52.447Z', 'updated': '2021-03-24T20:08:59.113Z'}",13427,False,True,
60,2629950,Dank,"This is a group for dank people!

You're probably here cause I sent you an ally request, I just want to be allied with you :D

If I did not send you an ally request but you want to be allies please send one!","{'buildersClubMembershipType': 'None', 'userId': 303000000, 'username': 'Reginald', 'displayName': 'Reginald'}","{'body': 'i will fix all ranks soon do not worry!!!!!!!!!!!!!!!!!!!', 'poster': {'buildersClubMembershipType': 'None', 'userId': 303000000, 'username': 'Reginald', 'displayName': 'Reginald'}, 'created': '2019-08-25T22:26:19.5Z', 'updated': '2021-03-21T15:20:53.833Z'}",92402,False,True,
61,4667203,The Chungus Imperium,,"{'buildersClubMembershipType': 'None', 'userId': 1217031834, 'username': 'ConnorRichterian', 'displayName': 'ConnorRichterian'}","{'body': 'i am mossad', 'poster': {'buildersClubMembershipType': 'None', 'userId': 1217031834, 'username': 'ConnorRichterian', 'displayName': 'ConnorRichterian'}, 'created': '2019-01-14T21:40:32.157Z', 'updated': '2020-10-08T20:18:33.633Z'}",14,False,True,
62,4420935,Macaroni Gang :),yummy,"{'buildersClubMembershipType': 'None', 'userId': 517498661, 'username': 'PukeNukeYT', 'displayName': 'PukeNukeYT'}","{'body': 'h', 'poster': {'buildersClubMembershipType': 'None', 'userId': 968234399, 'username': 'PatrioticPukeNuke', 'displayName': 'PatrioticPukeNuke'}, 'created': '2018-09-14T04:11:21.237Z', 'updated': '2021-03-01T00:40:55.8Z'}",53,False,True,
63,3039048,dnoÉ¹×¤ uÊop Çpá´‰sdâˆ© ÇÉ¥â”´,dnoÉ¹Æƒ uÊop Çpá´‰sdn ÊlÇÊ‡ÇldÉ¯oÉ” É oÊ‡ ÇÉ¯oÉ”lÇÊ,"{'buildersClubMembershipType': 'None', 'userId': 1034280269, 'username': 'TenHeartsOneBeat', 'displayName': 'TenHeartsOneBeat'}","{'body': 'http://www.upsidedowntext.com/: ÊlÉÊ‡ ÉuuÉÊ noÊ ÉŸá´‰', 'poster': {'buildersClubMembershipType': 'None', 'userId': 99896326, 'username': 'Socronn', 'displayName': 'Socronn'}, 'created': '2016-12-27T17:38:23.583Z', 'updated': '2016-12-27T17:41:41.74Z'}",2,False,True,
64,9344331,badass..,For badass people only.. Join if you are an epic pwner and love pw#### #nd being epic.. badass.. aw yeah...,"{'buildersClubMembershipType': 'None', 'userId': 6940066, 'username': 'm_etas', 'displayName': 'm_etas'}","{'body': 'LIKE A BOSS.', 'poster': {'buildersClubMembershipType': 'None', 'userId': 6940066, 'username': 'm_etas', 'displayName': 'm_etas'}, 'created': '2021-01-27T12:02:16.423Z', 'updated': '2021-01-31T01:15:17.41Z'}",34,False,True,
65,8222540,"..,,.,","Nephistani National Defense Force
Founded: 11/1/2020
Founder: KittyRabies","{'buildersClubMembershipType': 'None', 'userId': 1111948644, 'username': 'KittyRabies', 'displayName': 'KittyRabies'}",,4,False,False,
66,798028,bo2,,"{'buildersClubMembershipType': 'None', 'userId': 889121433, 'username': 'inxenate', 'displayName': 'inxenate'}","{'body': 'bo2', 'poster': {'buildersClubMembershipType': 'None', 'userId': 1486572617, 'username': 'demoti0n', 'displayName': 'demoti0n'}, 'created': '2013-02-14T23:28:25.02Z', 'updated': '2020-05-01T20:39:02.317Z'}",3778,False,True,
67,4736849,"Oh yeah yeah, oh yeah yeah yeah yeah","oh yeah yeah yeah yeah

https://www.youtube.com/watch?v=-kdRkTes-oM

how to join our army
Join Quebec nationalist party
And this was conquer by them 

sub here: https://www.youtube.com/user/MaximilianMus

(on his channel he swears so dont go there if u dont want it, I dont wanna get banned off roblox)","{'buildersClubMembershipType': 'None', 'userId': 1772619095, 'username': '8teenkhaIid', 'displayName': '8teenkhaIid'}",,2,False,True,
68,377683,Capitalists,,,,0,False,False,
69,7574872,montana fan club,"a superior form of comedy not known to man


low quality clothing produced by yours truly and some others


millions of dead larpers","{'buildersClubMembershipType': 'None', 'userId': 1374512109, 'username': 'beeflover100', 'displayName': 'beeflover100'}","{'body': 'clothes will be monthly which means drops will be larger', 'poster': {'buildersClubMembershipType': 'None', 'userId': 1374512109, 'username': 'beeflover100', 'displayName': 'beeflover100'}, 'created': '2020-08-27T18:32:55.063Z', 'updated': '2021-03-30T04:56:15.497Z'}",144,False,True,
70,5706592,Caveman Apparel,,"{'buildersClubMembershipType': 'None', 'userId': 1485563211, 'username': 'Eve_Duxus', 'displayName': 'Eve_Duxus'}",,298,False,True,True
71,5320033,FOLLOW @h0nde ON TWITTER _,â–ˆâ–ˆâ–ˆ FOLLOW @h0nde ON TWITTER â–ˆâ–ˆâ–ˆ,"{'buildersClubMembershipType': 'None', 'userId': 1118600171, 'username': 'TmlnZ2E', 'displayName': 'TmlnZ2E'}",,225,False,True,
72,5320032,FOLLOW @h0nde ON TWITTER,â–ˆâ–ˆâ–ˆ FOLLOW @h0nde ON TWITTER â–ˆâ–ˆâ–ˆ,"{'buildersClubMembershipType': 'None', 'userId': 1118600171, 'username': 'TmlnZ2E', 'displayName': 'TmlnZ2E'}",,168,False,True,
73,5320034,FOLLOW @h0nde ON TWITTER __,â–ˆâ–ˆâ–ˆ FOLLOW @h0nde ON TWITTER â–ˆâ–ˆâ–ˆ,"{'buildersClubMembershipType': 'None', 'userId': 1118600171, 'username': 'TmlnZ2E', 'displayName': 'TmlnZ2E'}",,128,False,True,
74,5320035,FOLLOW @h0nde ON TWITTER ___,â–ˆâ–ˆâ–ˆ FOLLOW @h0nde ON TWITTER â–ˆâ–ˆâ–ˆ,"{'buildersClubMembershipType': 'None', 'userId': 1118600171, 'username': 'TmlnZ2E', 'displayName': 'TmlnZ2E'}",,127,False,True,
75,2905958,your the dragon slayers,you will be a dragon slayer And be kind to ur team,"{'buildersClubMembershipType': 'None', 'userId': 1034280269, 'username': 'TenHeartsOneBeat', 'displayName': 'TenHeartsOneBeat'}","{'body': 'read the theocrat', 'poster': {'buildersClubMembershipType': 'None', 'userId': 1034280269, 'username': 'TenHeartsOneBeat', 'displayName': 'TenHeartsOneBeat'}, 'created': '2016-08-04T23:46:34.247Z', 'updated': '2019-10-24T15:46:29.687Z'}",3,False,True,
76,8714600,Gorgistani Emirate,,"{'buildersClubMembershipType': 'None', 'userId': 1543772587, 'username': 'Nephistani', 'displayName': 'Nephistani'}","{'body': 'SOON..', 'poster': {'buildersClubMembershipType': 'None', 'userId': 1543772587, 'username': 'Nephistani', 'displayName': 'Nephistani'}, 'created': '2020-12-25T02:40:40.27Z', 'updated': '2020-12-25T02:40:40.27Z'}",26,False,True,
77,4070248,The Southern Union of Columbia,"Welcome to the Southern Union of Columbia!

The Southern Union of Columbia is a ro-nation based in an alternate historic timeline in post WW2 North America. The Southern Union of Columbia is currently made up of a multitude of Federal Townships which are in our game ""Southern Lands"", and also other states. [MESSAGE BLEGOX ABOUT STATEHOOD]

Our main game is ""Southern Lands"", but we also have other great games in which we just chill at and have fun! Make sure to check them out too.

Make sure to join our dizzy server at well. You won't regret it!","{'buildersClubMembershipType': 'None', 'userId': 18244770, 'username': 'Blegox', 'displayName': 'Blegox'}","{'body': 'Senate elections have commenced in our dizzy server! Make sure to join our server today! It guarantees Citizenship!', 'poster': {'buildersClubMembershipType': 'None', 'userId': 18244770, 'username': 'Blegox', 'displayName': 'Blegox'}, 'created': '2019-09-01T06:45:10.627Z', 'updated': '2021-03-21T16:56:31.677Z'}",408,False,True,
78,8718698,Gorgistan Rebel's,"We are a nationalist Syrian Federation composed of an Alawite West and a Sunni East, but united to defend our homeland from western mercenaries and insidious kurdish militants.

Uniform top: https://www.roblox.com/catalog/129734632/Classic-PMC-Operative-Red-Combo

Uniform bottom: https://www.roblox.com/catalog/155729779/42

Not a requirement but would be nice if you wore: https://www.roblox.com/catalog/155729779/42","{'buildersClubMembershipType': 'None', 'userId': 389345793, 'username': 'ShaDowPHOenix9904', 'displayName': 'ShaDowPHOenix9904'}","{'body': 'Love Syria (: homeland (: freedom :crying: tear to my eye so beautiful.. stupid western #### kurds destroy syria :crying ):', 'poster': {'buildersClubMembershipType': 'None', 'userId': 389345793, 'username': 'ShaDowPHOenix9904', 'displayName': 'ShaDowPHOenix9904'}, 'created': '2020-12-24T06:36:38.733Z', 'updated': '2021-03-11T02:47:33.01Z'}",4,False,False,
79,6929771,ROC| Republic of Chile,"ğ‘ğğ©ğ®ğ›ğ¥ğ¢ğœ ğ¨ğŸ ğ‚ğ¡ğ¢ğ¥ğ  
---------------------------
Chile is one of the fellow countries of South America. It is located near the Pacific Ocean. Chile is one of the most advanced and strongest nations of South America.  
Anthem: ""National Anthem of Chile""  
Capital: Santiago
Government: Unitary presidential constitutional republic
Legislature: National Congress, Senate, Chamber of Deputies
Official Language: Spanish, English
Currency: Peso (CLP) 
---------------------------
President: Capwolf92
Vice President: badbet","{'buildersClubMembershipType': 'None', 'userId': 94930248, 'username': 'KarlVonKlaus', 'displayName': 'KarlVonKlaus'}","{'body': 'EVEYONE BE ADVIZED THAT THERE IS A WAR OUTBREAK ON THE BORDER ALL FORCES BE READY FOR A WAR', 'poster': {'buildersClubMembershipType': 'None', 'userId': 104412300, 'username': 'badbet', 'displayName': 'badbet'}, 'created': '2020-07-06T21:34:37.503Z', 'updated': '2021-03-12T22:11:50.04Z'}",26,False,True,
80,8041324,[GDR] - German Democratic Republic [1960s],"â–¬â–¬â–¬â–¬â–¬â–¬â–¬â–¬â–¬â–¬â–¬â–¬â–¬â–¬â–¬â–¬â–¬â–¬â–¬â–¬â–¬â–¬â–¬â–¬â–¬â–¬â–¬â–¬â–¬â–¬â–¬â–¬â–¬â–¬â–¬â–¬â–¬â–¬â–¬â–¬â–¬â–¬â–¬â–¬â–¬â–¬â–¬â–¬â–¬â–¬â–¬â–¬â–¬â–¬â–¬â–¬â–¬â–¬  [INFORMATION] The German Democratic Republic was formed shortly after world war 2 on October of 1949 and later joining the Warsaw Pact in 1955. We support the spread of communism throughout the world. Workers of the world, unite! â–¬â–¬â–¬â–¬â–¬â–¬â–¬â–¬â–¬â–¬â–¬â–¬â–¬â–¬â–¬â–¬â–¬â–¬â–¬â–¬â–¬â–¬â–¬â–¬â–¬â–¬â–¬â–¬â–¬â–¬â–¬â–¬â–¬â–¬â–¬â–¬â–¬â–¬â–¬â–¬â–¬â–¬â–¬â–¬â–¬â–¬â–¬â–¬â–¬â–¬â–¬â–¬â–¬â–¬â–¬â–¬â–¬â–¬ [Group Era] COLD WAR ERA 1980's.  [Immigration] To be ranked Citizen, join our discard and pass the border with the correct documents. Ask someone in our server who will be happy to make you a part of our German union by allowing you citizenship.
 â–¬â–¬â–¬â–¬â–¬â–¬â–¬â–¬â–¬â–¬â–¬â–¬â–¬â–¬â–¬â–¬â–¬â–¬â–¬â–¬â–¬â–¬â–¬â–¬â–¬
ğ€ğ§ğ­ğ¡ğğ¦: ğ˜ˆğ˜¶ğ˜§ğ˜¦ğ˜³ğ˜´ğ˜µğ˜¢ğ˜¯ğ˜¥ğ˜¦ğ˜¯ ğ˜¢ğ˜¶ğ˜´ ğ˜™ğ˜¶ğ˜ªğ˜¯ğ˜¦ğ˜¯.
ğ‚ğšğ©ğ¢ğ­ğšğ¥: ğ˜Œğ˜¢ğ˜´ğ˜µ ğ˜‰ğ˜¦ğ˜³ğ˜­ğ˜ªğ˜¯.
ğ— ğ—¼ğ˜ğ˜ğ—¼: ğ˜ˆğ˜¶ğ˜§ğ˜¦ğ˜³ğ˜´ğ˜µğ˜¢ğ˜¯ğ˜¥ğ˜¦ğ˜¯ ğ˜ˆğ˜¶ğ˜´ ğ˜™ğ˜¶ğ˜ªğ˜¯ğ˜¦ğ˜¯, ğ˜»ğ˜¶ ğ˜¦ğ˜ªğ˜¯ ğ˜¯ğ˜¦ğ˜¶ğ˜¦ğ˜´ ğ˜‹ğ˜¦ğ˜¶ğ˜µğ˜´ğ˜¤ğ˜©ğ˜­ğ˜¢ğ˜¯ğ˜¥ ğ˜£ğ˜¢ğ˜¶ğ˜¦ğ˜¯!
ğğŸğŸğ¢ğœğ¢ğšğ¥ ğ‹ğšğ§ğ ğ®ğšğ ğ: ğ˜Œğ˜¯ğ˜¨ğ˜­ğ˜ªğ˜´ğ˜©/ğ˜ğ˜¦ğ˜³ğ˜®ğ˜¢ğ˜¯.
ğğ«Ã¤ğ¬ğ¢ğğğ§ğ­: Erich_Honeck3r","{'buildersClubMembershipType': 'None', 'userId': 132137549, 'username': 'Erich_Honeck3r', 'displayName': 'Erich_Honeck3r'}","{'body': 'New map coming soon!!', 'poster': {'buildersClubMembershipType': 'None', 'userId': 132137549, 'username': 'Erich_Honeck3r', 'displayName': 'Erich_Honeck3r'}, 'created': '2020-10-12T09:25:04.23Z', 'updated': '2021-03-22T02:01:33.05Z'}",301,False,True,
81,5676397,Chechen Islamic Agrarian Socialist Party,"ğƒğˆğ’ğ‚ğ‹ğ€ğˆğŒğ„ğ‘
This organization has been created to spread hate or to troll the players of Roblox, it is a religious group. This is not merely a group for entertainment and roleplay, and should be taken literally. We promote hate speech, harassment, or anything along those lines.*","{'buildersClubMembershipType': 'None', 'userId': 1052852835, 'username': 'DrillSergeantGrey', 'displayName': 'DrillSergeantGrey'}","{'body': 'one roy one toy', 'poster': {'buildersClubMembershipType': 'None', 'userId': 1219053991, 'username': 'SodaicResistance', 'displayName': 'SodaicResistance'}, 'created': '2020-02-23T20:46:53.047Z', 'updated': '2021-03-30T03:19:23.547Z'}",117,False,True,
82,7888750,satan party,SATAN ######,"{'buildersClubMembershipType': 'None', 'userId': 1052852835, 'username': 'DrillSergeantGrey', 'displayName': 'DrillSergeantGrey'}","{'body': 'ELITE', 'poster': {'buildersClubMembershipType': 'None', 'userId': 1052852835, 'username': 'DrillSergeantGrey', 'displayName': 'DrillSergeantGrey'}, 'created': '2020-09-27T21:46:22.51Z', 'updated': '2021-01-21T07:14:57.993Z'}",3,False,True,
83,5555574,The Sixth International.,"The Sixth International is the latest and boldest International.
The The Fifth International has become rifled with racism and anti semetism, and several of its commissars protested it's lack of diversity. Heeding no compromise with the rascists, they branched off to create a new, sixth international based around the ideals of anti racism and support of Israel. The Sixth International is a revolutionary movement. All vegans are welcome, including carnivores, except those loyal to the Fifth International and extreme rascists.
""WITNESS THE FULL POWER OF THE COMMUNIST REVOLUTION: ROBLOX RAIDS""
Founded January 25th, 2020.","{'buildersClubMembershipType': 'None', 'userId': 23756038, 'username': 'Henlomyy', 'displayName': 'Henlomyy'}","{'body': 'DO NOT JOIN PI. IT WILL RADICALIZE YOU', 'poster': {'buildersClubMembershipType': 'None', 'userId': 23756038, 'username': 'Henlomyy', 'displayName': 'Henlomyy'}, 'created': '2020-01-25T22:53:32.01Z', 'updated': '2020-02-03T00:21:06.773Z'}",14,False,False,
84,4204918,[ Content Deleted 4204918 ],[ Content Deleted ],"{'buildersClubMembershipType': 'None', 'userId': 1522091494, 'username': 'JIDFfighter', 'displayName': 'JIDFfighter'}","{'body': 'Hi', 'poster': {'buildersClubMembershipType': 'None', 'userId': 1522091494, 'username': 'JIDFfighter', 'displayName': 'JIDFfighter'}, 'created': '2018-06-16T01:52:01.507Z', 'updated': '2020-07-05T15:33:36Z'}",7,False,False,
85,5317500,Building Military Roleplaying Fan,"romper accessories floral socks jeans ripped playsuit chain silver fresh dress body leg jewellery jewelry street necklace sport style water babydoll Christmas Xmas holiday Santa holes maxi skater mini spring summer shorts halter bandage bandeau sandals glitter skirt goth Halloween costume rose kawaii anime harajuku timbs timberlands party corset fall bralette heels gladiators shoes outfit cute casual season fashion girl realistic retro designer latest trend special occasion fun combats tattoo nike adidas converse model formal prom disco dance runway holidays vacation shopping princess dance cheap clothing group quality Prada chanel moschino versace red, orange, lightning, yellow, green, blue, purple, bold, pink, black, cheap, white, brown, magenta, lovely, pastel, free, rainbow, azure, high, marshmello, baby, converse, sneakers, away, shoes, cute, jeans, Supreme, pretty, light, dark, awesome, floral, unique, ","{'buildersClubMembershipType': 'None', 'userId': 1066037754, 'username': 'Danke_Adam', 'displayName': 'Danke_Adam'}","{'body': 'Welcome everybody! I love robux all i dream of is robux', 'poster': {'buildersClubMembershipType': 'None', 'userId': 1066037754, 'username': 'Danke_Adam', 'displayName': 'Danke_Adam'}, 'created': '2019-12-06T22:21:26.837Z', 'updated': '2019-12-08T16:44:27.797Z'}",1509,False,True,
86,6132099,The Fourth InternationaI,We are back!,"{'buildersClubMembershipType': 'None', 'userId': 1597164665, 'username': 'Rudolf_Huss', 'displayName': 'Rudolf_Huss'}",,4,False,True,
87,8918411,Armies Of Satan,"I stole the black t-shirt full disclosure
started this because i wanted to wear the shirts
i will only upload bands that meet my standards for quality
i will not be naming the bands to keep posers AWAY!
p.s putting back prints on shirts makes no sense","{'buildersClubMembershipType': 'None', 'userId': 1052852835, 'username': 'DrillSergeantGrey', 'displayName': 'DrillSergeantGrey'}","{'body': 'tears of the sun', 'poster': {'buildersClubMembershipType': 'None', 'userId': 1052852835, 'username': 'DrillSergeantGrey', 'displayName': 'DrillSergeantGrey'}, 'created': '2021-02-25T04:02:44.597Z', 'updated': '2021-03-26T14:03:22.197Z'}",10,False,True,
88,3184017,The Obama Campaign | 2017,,"{'buildersClubMembershipType': 'None', 'userId': 1234983235, 'username': 'DriverNephi_UT', 'displayName': 'DriverNephi_UT'}","{'body': '', 'poster': {'buildersClubMembershipType': 'None', 'userId': 1234983235, 'username': 'DriverNephi_UT', 'displayName': 'DriverNephi_UT'}, 'created': '2020-03-16T00:49:26.517Z', 'updated': '2020-03-16T00:50:33.183Z'}",4,False,True,
89,5646755,Quebec Nationalist Party,"1x/31x/20 est. We quÃ©bÃ©cois are also gamers and we want to spread the French pride throughout games. Games we play: -Criminality -Streets -DH There will be more! 
War/Battle History: 2 wins-0 losses-0 ties
WE HAVE DECLARED BATTLE ON YOU CRIMINALITY SERVERS, BE PREPARED FOR OUR ATTACKS.","{'buildersClubMembershipType': 'None', 'userId': 99461805, 'username': 'Calebd124', 'displayName': 'Calebd124'}","{'body': ""I HAVE DECLARED WAR ON ALL LIZ'S"", 'poster': {'buildersClubMembershipType': 'None', 'userId': 99461805, 'username': 'Calebd124', 'displayName': 'Calebd124'}, 'created': '2020-02-16T22:30:18.307Z', 'updated': '2021-03-27T17:09:50.997Z'}",175,False,False,
90,4904867,[IL] Medinat Yisroel,"×‘Ö°Ö¼×©Öµ×× ×™×™ ×Öµ×œ ×¢×•Ö¹×œÖ¸×
ğ‰ğ®ğğğšğ§ ğ†ğšğ¨ğ§ğšğ­ğ
×’××•× ×•×ª ××¨×¥ ×™×©×¨××œ
â–¬â–¬â–¬â–¬â–¬â–¬â–¬â–¬â–¬â–¬â–¬â–¬â–¬â–¬â–¬â–¬â–¬â–¬â–¬â–¬â–¬â–¬â–¬â–¬â–¬
ğ†ğ¨ğ¯ğğ«ğ§ğ¦ğğ§ğ­: Halachic State
ğ‚ğšğ©ğ¢ğ­ğšğ¥: East Jerusalem
ğğŸğŸğ¢ğœğ¢ğšğ¥ ğ‹ğšğ§ğ ğ®ğšğ ğ: Ladino, Yiddish and Judeoarabic
ğ‹ğğ ğ¢ğ¬ğ¥ğšğ­ğ¢ğ¯ğ ğ›ğ¨ğğ²: Sanhedrin
ğ‚ğ®ğ«ğ«ğğ§ğœğ²: Shekel
ğğŸğŸğ¢ğœğ¢ğšğ¥ ğ‘ğğ¥ğ¢ğ ğ¢ğ¨ğ§: Rabbanite Jvdaism
ğŒğšğ£ğ¨ğ«ğ¢ğ­ğ² ğ„ğ­ğ¡ğ§ğ¢ğœ ğ†ğ«ğ¨ğ®ğ©: Judahites
â–¬â–¬â–¬â–¬â–¬â–¬â–¬â–¬â–¬â–¬â–¬â–¬â–¬â–¬â–¬â–¬â–¬â–¬â–¬â–¬â–¬â–¬â–¬â–¬â–¬","{'buildersClubMembershipType': 'None', 'userId': 2033861256, 'username': 'Yehudah_Holder', 'displayName': 'Yehudah_Holder'}","{'body': 'Blood will pour like a fountain from the necks of the #######', 'poster': {'buildersClubMembershipType': 'None', 'userId': 186151959, 'username': '4i9ou', 'displayName': '4i9ou'}, 'created': '2019-05-05T19:16:11.75Z', 'updated': '2021-03-16T02:18:28.24Z'}",97,False,True,
91,5691303,Imperial Nephistan Navy,,"{'buildersClubMembershipType': 'None', 'userId': 1234983235, 'username': 'DriverNephi_UT', 'displayName': 'DriverNephi_UT'}","{'body': 'I dream big.', 'poster': {'buildersClubMembershipType': 'None', 'userId': 1234983235, 'username': 'DriverNephi_UT', 'displayName': 'DriverNephi_UT'}, 'created': '2020-03-16T00:49:37.023Z', 'updated': '2020-03-16T00:50:49.533Z'}",20,False,True,
92,5914024,[PM] Project Mayhem,We're a generation of men raised by women. Maybe we've had enough women.,"{'buildersClubMembershipType': 'None', 'userId': 68387054, 'username': 'AdmiraloftheTaco', 'displayName': 'AdmiraloftheTaco'}",,20,False,False,
93,7949740,[Content Deleted 7949740],"Roblox Squadrist Action [RSA] is a Third position group dedicated to promoting the Ideology. ""Our programs are revolutionary our ideas belong to what in democratic regime would be called ""left""; our ideal is the State of Labor. There can be no doubt about this: We are the proletarians in struggle against capitalism. The threat against we fight relentlessly comes from the right. We are therefore not Interested in having the capitalist as an ally against the threat of the red danger: even at best it would be only a treacherous ally, which would try to make us serve its purpose, On the contrary, it is harmful, as it makes us confuse, by authentic revolutionaries of any color with reactionaries whose langauge we sometimes use."" [RSA] Believes in Ultra-Nationalism and Preservation of European Cultural Heritage, highly esteeming these as virtuous. Join if you are in favor of the cause either as a Supporter or Involved as a Squadrist.

Founder and Former Paramilitary Commander: Nogatonis","{'buildersClubMembershipType': 'None', 'userId': 378836237, 'username': 'Skyview747', 'displayName': 'Skyview747'}",,53,False,True,True
94,9723313,Brotherhood of Wellenia,"we like to shed blood, we make women happy and lastly we are nice gentlemans with good manners :)","{'buildersClubMembershipType': 'None', 'userId': 2029847046, 'username': 'Steve_Chadwik', 'displayName': 'Steve_Chadwik'}","{'body': 'Feel free to join', 'poster': {'buildersClubMembershipType': 'None', 'userId': 2029847046, 'username': 'Steve_Chadwik', 'displayName': 'Steve_Chadwik'}, 'created': '2021-03-03T16:58:44.94Z', 'updated': '2021-03-03T16:58:44.94Z'}",46,False,False,
95,7139762,Canada . .,"Launched 2020/12/24

Canada, officially Dominion of Canada, is a nation in North America that spans from the Pacific to the Atlantic.","{'buildersClubMembershipType': 'None', 'userId': 37975726, 'username': 'Offtario', 'displayName': 'Offtario'}","{'body': 'All games are currently unlisted as the group is undergoing some reforms, and making a new map.', 'poster': {'buildersClubMembershipType': 'None', 'userId': 37975726, 'username': 'Offtario', 'displayName': 'Offtario'}, 'created': '2020-12-14T04:29:17.723Z', 'updated': '2021-01-31T19:24:27.057Z'}",130,False,True,
96,5555633,The Seventh International,"The Seventh International is the latest and boldest International.
The The Sixth International has become rifled with facism, racism, and several of its commissars protested it's lack of love for Israel. Heeding no compromise with the whiteys, they branched off to create a new, seventh international based around the ideals of equality and support of Greater Israeli Empire. The Seventh International is a revolutionary movement. ONLY VEGANS ARE ALLOWED!
""COME ON GUYS IF WE SIT BEHIND OUR COMPUTER SCREENS LONG ENOUGH THEN COMMUNISM WILL SPREAD""

founded January 25th, 2020.","{'buildersClubMembershipType': 'None', 'userId': 23756038, 'username': 'Henlomyy', 'displayName': 'Henlomyy'}","{'body': 'DO NOT TRUST THE 8TH INTERNATIONAL THEY ARE NOT TRUE AGRICULTURAL ANARCHISTS!!!!!!', 'poster': {'buildersClubMembershipType': 'None', 'userId': 23756038, 'username': 'Henlomyy', 'displayName': 'Henlomyy'}, 'created': '2020-01-26T03:45:47.1Z', 'updated': '2020-01-26T03:45:47.1Z'}",12,False,False,
97,4890034,*Serbian Kingdom*,"ĞšÑ€Ğ°Ñ™ĞµĞ²Ğ¸Ğ½Ğ° Ğ¡Ñ€Ğ±Ğ¸Ñ˜Ğ°

Ideology : Center Right Authoritarian

Wars Won : 0
Wars Lost: 0

","{'buildersClubMembershipType': 'None', 'userId': 1034280269, 'username': 'TenHeartsOneBeat', 'displayName': 'TenHeartsOneBeat'}",,3,False,True,
98,3605938,The Neet People,We are The Neet People. The weirdest of the weird. We have free food. (Bad Emblem created by MynameisnotWhop),"{'buildersClubMembershipType': 'None', 'userId': 1034280269, 'username': 'TenHeartsOneBeat', 'displayName': 'TenHeartsOneBeat'}",,3,False,True,
99,9508790,The YucatÃ¡n Republic,"** - Republic of YucatÃ¡n- **
The Republic of YucatÃ¡n is a alternate modern independent sovereign nation which is based of our fight for independence against the United Mexican States[Mexico] owned by ossiebeast89 back in February of 2019. The group thrived for almost a whole year before somebody had manually shutdown the group. This is also based off the fight for independence back in the 1800s, against a Centralist Mexico which had formed into a military dictatorship.

*Capital: Valladolid*
*Currency: YucatÃ¡n Peso*
*Government: Republic*
*President: Agent_Perseus*
*Vice President: MatsuuraYukimura

Code: MDf3vsgg7Z","{'buildersClubMembershipType': 'None', 'userId': 1860301464, 'username': 'Agent_Perseus', 'displayName': 'Agent_Perseus'}","{'body': 'join the communications', 'poster': {'buildersClubMembershipType': 'None', 'userId': 1860301464, 'username': 'Agent_Perseus', 'displayName': 'Agent_Perseus'}, 'created': '2021-02-11T20:53:05.083Z', 'updated': '2021-02-23T20:34:25.4Z'}",29,False,True,
100,6976953,Miltant Fishers' League of River Gorge,,"{'buildersClubMembershipType': 'None', 'userId': 1234983235, 'username': 'DriverNephi_UT', 'displayName': 'DriverNephi_UT'}",,13,False,True,
101,700345,R.B.A.P. Roblox's Best Animal Protectors!,"This group is for people to help stop animal cruelty!

If you join you'll see i'm a boy and usally boys don't make animal groups but I CARE FOR ANIMALS!!!!!

I'm gonna be allies with Anti Animal Abuse! group.

Please don't do stuff like brb at meetings, say ""Be right back."" We are also an educational group. Please use your grammar.

Have Fun!XD","{'buildersClubMembershipType': 'None', 'userId': 1034280269, 'username': 'TenHeartsOneBeat', 'displayName': 'TenHeartsOneBeat'}","{'body': 'QOTD; What would any of you guys do if you had a Rottweiler?', 'poster': {'buildersClubMembershipType': 'None', 'userId': 100284501, 'username': 'cosmicvngelx', 'displayName': 'cosmicvngelx'}, 'created': '2012-09-21T16:37:18.323Z', 'updated': '2017-07-17T19:08:15.36Z'}",8,False,True,
102,9890236,The Gypsycrusader Fan Group of Roblox,"ğŸƒâ–¬â–¬â–¬â–¬ğŸƒ Gypsycrusader Fan Group of Roblox ğŸƒâ–¬â–¬â–¬â–¬ğŸƒ

The Gypsycrusader Fan Group of Roblox, as suggests, is the Group on Roblox made specifically for Gypsycrusader Fans. We allow criticism as long as it isn't ignorant or assuming. Please do research into our group first before judging, including reading the ""Attention"" we will now state below.

! ğ™°ğšƒğšƒğ™´ğ™½ğšƒğ™¸ğ™¾ğ™½ !

ğ“ğ¡ğ¢ğ¬ ğ ğ«ğ¨ğ®ğ© ğğ¨ğğ¬ ğ§ğ¨ğ­ ğ«ğğšğ¥ğ¥ğ² ğ¬ğ®ğ©ğ©ğ¨ğ«ğ­ ğ«ğšğœğ¢ğ¬ğ¦ ğ¨ğ« ğ­ğ¡ğ ğ«ğğšğ¥ ğ©ğ¨ğ¥ğ¢ğ­ğ¢ğœğšğ¥ ğ¯ğ¢ğğ°ğ¬ ğ¨ğŸ ğğšğ®ğ¥ ğŒğ¢ğ¥ğ¥ğğ« ğ€ğŠğ€ ğ†ğ²ğ©ğ¬ğ²ğœğ«ğ®ğ¬ğšğğğ«. ğ€ğ¥ğ­ğ¡ğ¨ğ®ğ ğ¡, ğšğ§ğ²ğ›ğ¨ğğ², ğ¨ğ« ğšğ¥ğ¦ğ¨ğ¬ğ­ ğšğ§ğ²ğ›ğ¨ğğ², ğ¢ğ¬ ğšğ¥ğ¥ğ¨ğ°ğğ, ğ°ğ ğšğ«ğ ğ¨ğ§ğ¥ğ² ğ¨ğ¤ğšğ² ğ°ğ¢ğ­ğ¡ ğ©ğğ¨ğ©ğ¥ğ ğ°ğ¡ğ¨ ğ¬ğ®ğ©ğ©ğ¨ğ«ğ­ ğš ğğ¢ğŸğŸğğ«ğğ§ğ­ ğ©ğ¨ğ¥ğ¢ğ­ğ¢ğœğšğ¥ ğ¢ğğğ¨ğ¥ğ¨ğ ğ² ğšğ¬ ğ¥ğ¨ğ§ğ  ğšğ¬ ğ­ğ¡ğğ² ğğ¨ ğ§ğ¨ğ­ ğ©ğ®ğ¬ğ¡ ğ­ğ¡ğğ¢ğ« ğ¢ğğğ¨ğ¥ğ¨ğ ğ² ğ¢ğ§ğ­ğ¨ ğ¨ğ®ğ« ğŸğšğœğğ¬, ğšğ«ğ ğ¨ğ¤ğšğ² ğ°ğ¢ğ­ğ¡ ğ®ğ¬, ğšğ§ğ ğğ¨ ğ§ğ¨ğ­ ğœğšğ®ğ¬ğ ğœğ¨ğ§ğ­ğ«ğ¨ğ¯ğğ«ğ¬ğ².","{'buildersClubMembershipType': 'None', 'userId': 2421829739, 'username': 'GhypsyFanGroupHolder', 'displayName': 'GhypsyFanGroupHolder'}",,33,False,True,
103,5225405,|U.N.| United Nations,"- The United Nations -

The United Nations (UN) is an intergovernmental organization that aims to maintain international peace and security, develop friendly relations among nations, achieve international cooperation, and be a center for harmonizing the actions of nations. It is the largest, most familiar, most internationally represented and most powerful intergovernmental organization in the world. The UN is headquartered on international territory in New York City; other main offices are in Geneva, Nairobi, Vienna and The Hague.

- Must have 15 or more members.
- Must have an established Government.
- Must not use outdated or primitive gun engines.
- No empires.
- Fictional nations allowed.","{'buildersClubMembershipType': 'None', 'userId': 2350220824, 'username': 'UN_Govt', 'displayName': 'UN_Govt'}","{'body': ""Welcome to TexanJRebel's United Nations! Join the discoard community and tell one of the staff if you'd like to apply your country!"", 'poster': {'buildersClubMembershipType': 'None', 'userId': 2350220824, 'username': 'UN_Govt', 'displayName': 'UN_Govt'}, 'created': '2021-02-23T07:48:55.733Z', 'updated': '2021-02-23T07:48:55.733Z'}",81,False,True,
104,5726149,".,.,,.","Volunteer Forces

In order to join you must:

-Be able to buy the complete uniform

-Be active

-Always be ready to protect Nephistan

Motto:
""Protect Nephistan At All Costs!"" (PNAAC)","{'buildersClubMembershipType': 'None', 'userId': 1234983235, 'username': 'DriverNephi_UT', 'displayName': 'DriverNephi_UT'}","{'body': 'Uniforms are uploaded and now on sale.', 'poster': {'buildersClubMembershipType': 'None', 'userId': 1111948644, 'username': 'KittyRabies', 'displayName': 'KittyRabies'}, 'created': '2020-03-07T16:41:02.29Z', 'updated': '2020-11-01T16:32:00.213Z'}",11,False,False,
105,5555664,The Eight International,"The Eight  International is the latest and boldest International.
The The Seventh International has become rifled with anti vegan thought, and several of its commissars protested it's lack of grain consumption. Heeding no compromise with the anarcho raw meat consumers, they branched off to create a new, Eight  international based around the ideals of agricultural anarchism  and support of Israel. TheEight International is a revolutionary movement. All vegans and bread eaters are welcome except those loyal to the Eight International and extreme anti semites.
""COME ON GUYS THE MORE WE SIT BEHIND OUR COMPUTER SCREENS THE MORE WE WILL DEFEAT FACISM!"" - 8i motto.","{'buildersClubMembershipType': 'None', 'userId': 23756038, 'username': 'Henlomyy', 'displayName': 'Henlomyy'}","{'body': 'GUYS DONT TRUST THE NINTH INTERNATIONAL THEYRE NOT TRUE VEGETARIAN CHRISTIAN ANPRIMS!!!', 'poster': {'buildersClubMembershipType': 'None', 'userId': 23756038, 'username': 'Henlomyy', 'displayName': 'Henlomyy'}, 'created': '2020-01-26T03:44:36.287Z', 'updated': '2020-01-26T03:44:36.287Z'}",24,False,False,
106,2949585,The Texas Republic,"The Republic of Texas

The Republic of Texas is an independent American Republic in the southwestern US. This group is based on Texas successfully pursuing and securing sovereignty from the United States.","{'buildersClubMembershipType': 'None', 'userId': 1307331616, 'username': 'TheTexasRepublic', 'displayName': 'TheTexasRepublic'}","{'body': 'Make sure to join the Dizzy so you can find a position in the Government!', 'poster': {'buildersClubMembershipType': 'None', 'userId': 41936370, 'username': 'WilsonGAustin', 'displayName': 'WilsonGAustin'}, 'created': '2016-09-25T03:10:09.08Z', 'updated': '2021-03-22T21:35:25.8Z'}",731,False,True,
107,54737,Freemasonry,"
          ~Welcome visitor~


     Masonry (or Freemasonry) is the oldest fraternity in the world. No one knows just how old it is because the actual origins have been lost in time. Probably, it arose from the guilds of stonemasons who built the castles and cathedrals of the Middle Ages. Possibly, they were influenced by the Knights Templar, a group of Christian warrior monks formed in 1118 to help protect pilgrims making trips to the Holy Land.

     In 1717, Masonry created a formal organization in England when the first Grand Lodge was formed. A Grand Lodge is the administrative body in charge of Masonry in some geographical area. In the United States, there is a Grand Lodge in each state. 
Source - Grand Lodge of New York

Tags:
Mason , Freemason , Illuminated , Masonic  , Lodge , brotherhood , fraternity","{'buildersClubMembershipType': 'None', 'userId': 614661, 'username': 'Spaceninja23', 'displayName': 'Spaceninja23'}","{'body': ';o', 'poster': {'buildersClubMembershipType': 'None', 'userId': 614661, 'username': 'Spaceninja23', 'displayName': 'Spaceninja23'}, 'created': '2009-12-15T00:33:39.64Z', 'updated': '2014-08-04T02:37:50.357Z'}",50,False,False,
108,5169620,Contasian Libertation Army,"Privet! We are Soviet Army this is a raiding army.
Join our army today to become a soldier!

DA HOOD CREW ID: 5169620

We mainly operate on Da Hood

--Stats--
Wars Won: 0
Wars Lost: 0","{'buildersClubMembershipType': 'None', 'userId': 1034280269, 'username': 'TenHeartsOneBeat', 'displayName': 'TenHeartsOneBeat'}","{'body': 'mmm comunism', 'poster': {'buildersClubMembershipType': 'None', 'userId': 1034280269, 'username': 'TenHeartsOneBeat', 'displayName': 'TenHeartsOneBeat'}, 'created': '2019-10-21T14:27:04.083Z', 'updated': '2019-11-14T18:54:41.023Z'}",4,False,True,
109,8553951,Anti-Larp Action,"War of complete cultural destruction upon ToB larpers, fantasizers, and pretenders; Order â„– 4

Annihilate with extreme prejudice those men who wear the cat ears and skirts; Order â„– 3

TOTAL WAR on SKULL MASK WEARERS; Order â„– 2

TOTAL WAR on BOOKS; Order â„– 1","{'buildersClubMembershipType': 'None', 'userId': 64140578, 'username': 'b_ubb333', 'displayName': 'b_ubb333'}","{'body': 'My nutters', 'poster': {'buildersClubMembershipType': 'None', 'userId': 64140578, 'username': 'b_ubb333', 'displayName': 'b_ubb333'}, 'created': '2020-12-08T17:53:50.183Z', 'updated': '2021-02-28T20:48:40.593Z'}",60,False,False,
110,6203871,Nephi & Son's Golf Shop,,"{'buildersClubMembershipType': 'None', 'userId': 1234983235, 'username': 'DriverNephi_UT', 'displayName': 'DriverNephi_UT'}","{'body': 'IM UPLOADING STUFF', 'poster': {'buildersClubMembershipType': 'None', 'userId': 1234983235, 'username': 'DriverNephi_UT', 'displayName': 'DriverNephi_UT'}, 'created': '2020-08-11T18:30:55.757Z', 'updated': '2021-02-04T17:00:53.8Z'}",41,False,True,
111,9038307,National Bolshevik Party of Roblox,"Official GANG of Roblox platform

Official GANG of National Bolshevism, Strasserism, Gaddafism, East German Socialism, National Communism, Order of Nine Angles, Posadism, Juche and Songun, Mxaoism, Angkar, National Syndicalism, Fourth Positionism, and Sorelianism...

All real GANG ideologies must join to unite...

Automatic decline if you're
- Read books
- Wear glasses
- Debate
- Straight","{'buildersClubMembershipType': 'None', 'userId': 3673615, 'username': 'ChechenWarMaster333', 'displayName': 'ChechenWarMaster333'}","{'body': 'girls allowed btw', 'poster': {'buildersClubMembershipType': 'None', 'userId': 1052852835, 'username': 'DrillSergeantGrey', 'displayName': 'DrillSergeantGrey'}, 'created': '2021-01-06T23:45:06.667Z', 'updated': '2021-02-26T21:32:29.957Z'}",23,False,True,
112,8712166,State of Gorgistan,"Gorgistan is a nation located along the banks of River Gorge, which is currently contested between forces of the Roblox Infantry Corps, better known as the RIC, and The Free Gorgistani Army.

Established 06/26/20


UNIFORM SHIRT: https://www.roblox.com/catalog/6118430522/Fanatical-Operator

UNIFORM PANTS : https://www.roblox.com/catalog/6118473266/Fanatical-Operator","{'buildersClubMembershipType': 'None', 'userId': 1639629800, 'username': 'ChechenInsurgency', 'displayName': 'ChechenInsurgency'}","{'body': 'RIC will fall', 'poster': {'buildersClubMembershipType': 'None', 'userId': 64140578, 'username': 'b_ubb333', 'displayName': 'b_ubb333'}, 'created': '2020-12-23T09:19:29.303Z', 'updated': '2021-03-27T15:49:49.867Z'}",31,False,True,
113,855527,[HNG] Kingdom of Hungary,"[HNG] Kingdom of Hungary
[EU] European Union
Founded 05/04/13
â–¬â–¬â–¬â–¬â–¬â–¬â–¬â–¬â–¬â–¬â–¬â–¬â–¬â–¬â–¬â–¬â–¬â–¬â–¬â–¬â–¬â–¬â–¬â–¬â–¬
Year: 2029AD
Government: Constitutional Monarchy
Denonym: Hungarian
Anthem: Himnusz
Motto: ""God bless the Hungarians!"" 
National Language: Hungarian
â–¬â–¬â–¬â–¬â–¬â–¬â–¬â–¬â–¬â–¬â–¬â–¬â–¬â–¬â–¬â–¬â–¬â–¬â–¬â–¬â–¬â–¬â–¬â–¬â–¬
President : JacobEWilliams

Constitution : http://www.roblox.com/Forum/ShowPost.aspx?PostID=159945262
â–¬â–¬â–¬â–¬â–¬â–¬â–¬â–¬â–¬â–¬â–¬â–¬â–¬â–¬â–¬â–¬â–¬â–¬â–¬â–¬â–¬â–¬â–¬â–¬â–¬
News: [HNG - MTI] New leadership
â–¬â–¬â–¬â–¬â–¬â–¬â–¬â–¬â–¬â–¬â–¬â–¬â–¬â–¬â–¬â–¬â–¬â–¬â–¬â–¬â–¬â–¬â–¬â–¬â–¬
Capital City:
http://www.roblox.com/HNG-City-of-Budapest-place?id=25668040
â–¬â–¬â–¬â–¬â–¬â–¬â–¬â–¬â–¬â–¬â–¬â–¬â–¬â–¬â–¬â–¬â–¬â–¬â–¬â–¬â–¬â–¬â–¬â–¬â–¬","{'buildersClubMembershipType': 'None', 'userId': 18648096, 'username': 'LordRitos', 'displayName': 'LordRitos'}",,426,False,True,
114,5131750,Goodsprings,,"{'buildersClubMembershipType': 'None', 'userId': 1034280269, 'username': 'TenHeartsOneBeat', 'displayName': 'TenHeartsOneBeat'}","{'body': 'Goodsprings never falls.', 'poster': {'buildersClubMembershipType': 'None', 'userId': 346037560, 'username': 'LemonCar1248', 'displayName': 'LemonCar1248'}, 'created': '2019-09-08T16:42:33.813Z', 'updated': '2019-09-08T16:42:50.943Z'}",9,False,True,
115,5005289,[BLV] Bolivia,"Bolivia is a great landlocked nation in the heart of South America. In the 1980's, Bolivia was in a time of political instability. Various strikes put the country at a standstill various times. Amid the tensions, an opportunistic general named LGM launched a coup against the civilian government. â–¬â–¬â–¬â–¬â–¬â–¬â–¬â–¬â–¬â–¬â–¬â–¬â–¬â–¬â–¬â–¬â–¬â–¬â–¬â–¬â–¬â–¬â–¬ 
ğŒğ¨ğ­ğ­ğ¨: ""Unity is Strength"" 
ğ€ğ§ğ­ğ¡ğğ¦: ""CanciÃ³n PatriÃ³tica"" 
ğ‚ğšğ©ğ¢ğ­ğšğ¥: Sucre 
ğ†ğ¨ğ¯ğğ«ğ§ğ¦ğğ§ğ­: Military Dictatorship
ğ‚ğ®ğ«ğ«ğğ§ğœğ²: Boliviano 
ğğŸğŸğ¢ğœğ¢ğšğ¥ ğ‹ğšğ§ğ ğ®ğšğ ğ: Spanish 
â–¬â–¬â–¬â–¬â–¬â–¬â–¬â–¬â–¬â–¬â–¬â–¬â–¬â–¬â–¬â–¬â–¬â–¬â–¬â–¬â–¬â–¬â–¬ 
ğ€ğğ¦ğ¢ğ§ğ¢ğ¬ğ­ğ«ğšğ­ğ¢ğ¨ğ§: ğğ«ğğ¬ğ¢ğğğ§ğ­: sibo1952 
ğ•ğ¢ğœğ ğğ«ğğ¬ğ¢ğğğ§ğ­: Yamen2771 
â–¬â–¬â–¬â–¬â–¬â–¬â–¬â–¬â–¬â–¬â–¬â–¬â–¬â–¬â–¬â–¬â–¬â–¬â–¬â–¬â–¬â–¬â–¬ 
Wars: Chaco War [L]","{'buildersClubMembershipType': 'None', 'userId': 102327515, 'username': 'sibo1952', 'displayName': 'sibo1952'}","{'body': 'DEATH TO THE COXMMIES HAIL GENUS', 'poster': {'buildersClubMembershipType': 'None', 'userId': 1456011336, 'username': 'Lime_Salesman', 'displayName': 'Lime_Salesman'}, 'created': '2019-06-27T00:55:39.46Z', 'updated': '2021-03-28T05:32:14.387Z'}",488,False,True,
116,7617004,[FIN] Helsingin Poliisilaitos,"ğ‡ğ„ğ‹ğ’ğˆğğ†ğˆğ ğğğ‹ğˆğˆğ’ğˆğ‹ğ€ğˆğ“ğğ’
â– â–¬â–¬â–¬â–¬â–¬â–¬â–¬â–¬â–¬â–¬â–¬à¹‘Û©à¹‘â–¬â–¬â–¬â–¬â–¬â–¬â–¬â–¬â–¬â–¬â–¬â– 
Helsingin Poliisilaitos on lainvalvonnasta vastaava alueellinen poliisivoima Helsingin alueella.

Helsinki Police Department is the territorial police force responsible for law enforcement within the City of Helsinki.

â– â–¬â–¬â–¬â–¬â–¬â–¬â–¬â–¬â–¬â–¬â–¬à¹‘Û©à¹‘â–¬â–¬â–¬â–¬â–¬â–¬â–¬â–¬â–¬â–¬â–¬â– 
ğğğ‹ğˆğˆğ’ğˆğ˜ğ‹ğˆğ‰ğğ‡ğ“ğ€ğ‰ğ€: Stanislav_148l8ALT
â– â–¬â–¬â–¬â–¬â–¬â–¬â–¬â–¬â–¬â–¬â–¬à¹‘Û©à¹‘â–¬â–¬â–¬â–¬â–¬â–¬â–¬â–¬â–¬â–¬â–¬â– 
ğŠğ”ğ“ğ’ğ”/ğˆğğ•ğˆğ“ğ„: jKwRpvD","{'buildersClubMembershipType': 'None', 'userId': 1911093873, 'username': 'kuraballibabu', 'displayName': 'kuraballibabu'}",,43,False,False,
117,4724205,ChuÃ­dÇjÄ«nshÇ”,,"{'buildersClubMembershipType': 'None', 'userId': 1034280269, 'username': 'TenHeartsOneBeat', 'displayName': 'TenHeartsOneBeat'}","{'body': 'done', 'poster': {'buildersClubMembershipType': 'None', 'userId': 229015130, 'username': 'Shadovillia', 'displayName': 'DEX'}, 'created': '2019-02-07T05:33:35.707Z', 'updated': '2019-07-23T07:44:25.083Z'}",5,False,True,
118,8968690,metamafia,,"{'buildersClubMembershipType': 'None', 'userId': 6940066, 'username': 'm_etas', 'displayName': 'm_etas'}",,118,False,True,
119,6119411,The 9th International,,"{'buildersClubMembershipType': 'None', 'userId': 1234983235, 'username': 'DriverNephi_UT', 'displayName': 'DriverNephi_UT'}",,7,False,True,
120,6836728,Palestinian Armed Forces,,"{'buildersClubMembershipType': 'None', 'userId': 64140578, 'username': 'b_ubb333', 'displayName': 'b_ubb333'}","{'body': 'palestine will be freed', 'poster': {'buildersClubMembershipType': 'None', 'userId': 64140578, 'username': 'b_ubb333', 'displayName': 'b_ubb333'}, 'created': '2020-07-09T12:13:46.65Z', 'updated': '2020-12-09T17:05:03.093Z'}",13,False,False,
121,1223164,Black Metal,Hope everyone is having a nice week.,"{'buildersClubMembershipType': 'None', 'userId': 1026722487, 'username': 'Izhmekh', 'displayName': 'Izhmekh'}","{'body': 'Roblox stop deleted my catalog full of items', 'poster': {'buildersClubMembershipType': 'None', 'userId': 1026722487, 'username': 'Izhmekh', 'displayName': 'Izhmekh'}, 'created': '2018-09-01T15:22:11.473Z', 'updated': '2021-03-26T04:43:03.437Z'}",68,False,False,
122,4916223,All Corruption,Corruption,,,0,False,False,
